序号,城市,公司名称,公司类型,目标岗位,总分,入门友好度,注册资本,成立年,登记状态,BOSS搜索,智联搜索,电话/邮箱,投递方式,已确认岗位,是否在招,联系状态,备注
1,常州,常州程咬金人工智能科技有限公司,小型民企,技术支持工程师（IoT/云平台） / 项目实施/交付工程师（物联网） / 云平台/DevOps运维工程师,314.0,49.0,100万人民币,2018,在业,https://www.zhipin.com/web/geek/job?query=%E5%B8%B8%E5%B7%9E%E7%A8%8B%E5%92%AC%E9%87%91%E4%BA%BA%E5%B7%A5%E6%99%BA%E8%83%BD%E7%A7%91%E6%8A%80%E6%9C%89%E9%99%90%E5%85%AC%E5%8F%B8,https://sou.zhaopin.com/?kw=%E5%B8%B8%E5%B7%9E%E7%A8%8B%E5%92%AC%E9%87%91%E4%BA%BA%E5%B7%A5%E6%99%BA%E8%83%BD%E7%A7%91%E6%8A%80%E6%9C%89%E9%99%90%E5%85%AC%E5%8F%B8,,,,,,
2,常州,常州德世物联网信息科技有限公司,中型民企,技术支持工程师（IoT/云平台） / 项目实施/交付工程师（物联网） / 云平台/DevOps运维工程师,309.0,43.0,1000万人民币,2020,在业,https://www.zhipin.com/web/geek/job?query=%E5%B8%B8%E5%B7%9E%E5%BE%B7%E4%B8%96%E7%89%A9%E8%81%94%E7%BD%91%E4%BF%A1%E6%81%AF%E7%A7%91%E6%8A%80%E6%9C%89%E9%99%90%E5%85%AC%E5%8F%B8,https://sou.zhaopin.com/?kw=%E5%B8%B8%E5%B7%9E%E5%BE%B7%E4%B8%96%E7%89%A9%E8%81%94%E7%BD%91%E4%BF%A1%E6%81%AF%E7%A7%91%E6%8A%80%E6%9C%89%E9%99%90%E5%85%AC%E5%8F%B8,,,,,,
3,常州,常州惠研人工智能科技有限公司,微型/初创,技术支持工程师（IoT/云平台） / 项目实施/交付工程师（物联网） / 云平台/DevOps运维工程师,304.0,49.0,50万人民币,2021,存续,https://www.zhipin.com/web/geek/job?query=%E5%B8%B8%E5%B7%9E%E6%83%A0%E7%A0%94%E4%BA%BA%E5%B7%A5%E6%99%BA%E8%83%BD%E7%A7%91%E6%8A%80%E6%9C%89%E9%99%90%E5%85%AC%E5%8F%B8,https://sou.zhaopin.com/?kw=%E5%B8%B8%E5%B7%9E%E6%83%A0%E7%A0%94%E4%BA%BA%E5%B7%A5%E6%99%BA%E8%83%BD%E7%A7%91%E6%8A%80%E6%9C%89%E9%99%90%E5%85%AC%E5%8F%B8,,,,,,
4,常州,常州数翼人工智能科技有限公司,小型民企,技术支持工程师（IoT/云平台） / 项目实施/交付工程师（物联网） / 云平台/DevOps运维工程师,304.0,45.0,900万人民币,2026,存续,https://www.zhipin.com/web/geek/job?query=%E5%B8%B8%E5%B7%9E%E6%95%B0%E7%BF%BC%E4%BA%BA%E5%B7%A5%E6%99%BA%E8%83%BD%E7%A7%91%E6%8A%80%E6%9C%89%E9%99%90%E5%85%AC%E5%8F%B8,https://sou.zhaopin.com/?kw=%E5%B8%B8%E5%B7%9E%E6%95%B0%E7%BF%BC%E4%BA%BA%E5%B7%A5%E6%99%BA%E8%83%BD%E7%A7%91%E6%8A%80%E6%9C%89%E9%99%90%E5%85%AC%E5%8F%B8,,,,,,
5,常州,常州常清人工智能科技有限公司,小型民企,技术支持工程师（IoT/云平台） / 项目实施/交付工程师（物联网） / 云平台/DevOps运维工程师,304.0,45.0,500万人民币,2024,存续,https://www.zhipin.com/web/geek/job?query=%E5%B8%B8%E5%B7%9E%E5%B8%B8%E6%B8%85%E4%BA%BA%E5%B7%A5%E6%99%BA%E8%83%BD%E7%A7%91%E6%8A%80%E6%9C%89%E9%99%90%E5%85%AC%E5%8F%B8,https://sou.zhaopin.com/?kw=%E5%B8%B8%E5%B7%9E%E5%B8%B8%E6%B8%85%E4%BA%BA%E5%B7%A5%E6%99%BA%E8%83%BD%E7%A7%91%E6%8A%80%E6%9C%89%E9%99%90%E5%85%AC%E5%8F%B8,,,,,,
6,常州,常州玖焱智能化系统集成有限公司,中型民企,技术支持工程师（IoT/云平台） / 项目实施/交付工程师（物联网） / 云平台/DevOps运维工程师,304.0,43.0,2000万人民币,2018,存续,https://www.zhipin.com/web/geek/job?query=%E5%B8%B8%E5%B7%9E%E7%8E%96%E7%84%B1%E6%99%BA%E8%83%BD%E5%8C%96%E7%B3%BB%E7%BB%9F%E9%9B%86%E6%88%90%E6%9C%89%E9%99%90%E5%85%AC%E5%8F%B8,https://sou.zhaopin.com/?kw=%E5%B8%B8%E5%B7%9E%E7%8E%96%E7%84%B1%E6%99%BA%E8%83%BD%E5%8C%96%E7%B3%BB%E7%BB%9F%E9%9B%86%E6%88%90%E6%9C%89%E9%99%90%E5%85%AC%E5%8F%B8,,,,,,
7,常州,常州云校智能科技有限公司,中型民企,技术支持工程师（IoT/云平台） / 项目实施/交付工程师（物联网） / 云平台/DevOps运维工程师,298.0,43.0,1000万人民币,2016,在业,https://www.zhipin.com/web/geek/job?query=%E5%B8%B8%E5%B7%9E%E4%BA%91%E6%A0%A1%E6%99%BA%E8%83%BD%E7%A7%91%E6%8A%80%E6%9C%89%E9%99%90%E5%85%AC%E5%8F%B8,https://sou.zhaopin.com/?kw=%E5%B8%B8%E5%B7%9E%E4%BA%91%E6%A0%A1%E6%99%BA%E8%83%BD%E7%A7%91%E6%8A%80%E6%9C%89%E9%99%90%E5%85%AC%E5%8F%B8,,,,,,
8,常州,常州浩瀚智能系统集成有限公司,小型民企,技术支持工程师（IoT/云平台） / 项目实施/交付工程师（物联网） / 云平台/DevOps运维工程师,297.0,49.0,200万人民币,2019,在业,https://www.zhipin.com/web/geek/job?query=%E5%B8%B8%E5%B7%9E%E6%B5%A9%E7%80%9A%E6%99%BA%E8%83%BD%E7%B3%BB%E7%BB%9F%E9%9B%86%E6%88%90%E6%9C%89%E9%99%90%E5%85%AC%E5%8F%B8,https://sou.zhaopin.com/?kw=%E5%B8%B8%E5%B7%9E%E6%B5%A9%E7%80%9A%E6%99%BA%E8%83%BD%E7%B3%BB%E7%BB%9F%E9%9B%86%E6%88%90%E6%9C%89%E9%99%90%E5%85%AC%E5%8F%B8,,,,,,
9,常州,常州华奥智能系统集成有限公司,小型民企,技术支持工程师（IoT/云平台） / 项目实施/交付工程师（物联网） / 云平台/DevOps运维工程师,293.0,44.0,100万人民币,2014,在业,https://www.zhipin.com/web/geek/job?query=%E5%B8%B8%E5%B7%9E%E5%8D%8E%E5%A5%A5%E6%99%BA%E8%83%BD%E7%B3%BB%E7%BB%9F%E9%9B%86%E6%88%90%E6%9C%89%E9%99%90%E5%85%AC%E5%8F%B8,https://sou.zhaopin.com/?kw=%E5%B8%B8%E5%B7%9E%E5%8D%8E%E5%A5%A5%E6%99%BA%E8%83%BD%E7%B3%BB%E7%BB%9F%E9%9B%86%E6%88%90%E6%9C%89%E9%99%90%E5%85%AC%E5%8F%B8,,,,,,
10,常州,常州乐优学人工智能科技有限公司,微型/初创,技术支持工程师（IoT/云平台） / 项目实施/交付工程师（物联网） / 云平台/DevOps运维工程师,292.0,45.0,20万人民币,2024,在业,https://www.zhipin.com/web/geek/job?query=%E5%B8%B8%E5%B7%9E%E4%B9%90%E4%BC%98%E5%AD%A6%E4%BA%BA%E5%B7%A5%E6%99%BA%E8%83%BD%E7%A7%91%E6%8A%80%E6%9C%89%E9%99%90%E5%85%AC%E5%8F%B8,https://sou.zhaopin.com/?kw=%E5%B8%B8%E5%B7%9E%E4%B9%90%E4%BC%98%E5%AD%A6%E4%BA%BA%E5%B7%A5%E6%99%BA%E8%83%BD%E7%A7%91%E6%8A%80%E6%9C%89%E9%99%90%E5%85%AC%E5%8F%B8,,,,,,
11,常州,常州浦浩云计算信息技术有限公司,小型民企,技术支持工程师（IoT/云平台） / 项目实施/交付工程师（物联网） / 云平台/DevOps运维工程师,291.0,46.0,500万人民币,2020,存续,https://www.zhipin.com/web/geek/job?query=%E5%B8%B8%E5%B7%9E%E6%B5%A6%E6%B5%A9%E4%BA%91%E8%AE%A1%E7%AE%97%E4%BF%A1%E6%81%AF%E6%8A%80%E6%9C%AF%E6%9C%89%E9%99%90%E5%85%AC%E5%8F%B8,https://sou.zhaopin.com/?kw=%E5%B8%B8%E5%B7%9E%E6%B5%A6%E6%B5%A9%E4%BA%91%E8%AE%A1%E7%AE%97%E4%BF%A1%E6%81%AF%E6%8A%80%E6%9C%AF%E6%9C%89%E9%99%90%E5%85%AC%E5%8F%B8,,,,,,
12,常州,常州杰易天智能系统集成有限公司,小型民企,技术支持工程师（IoT/云平台） / 项目实施/交付工程师（物联网） / 云平台/DevOps运维工程师,291.0,44.0,108万人民币,2017,存续,https://www.zhipin.com/web/geek/job?query=%E5%B8%B8%E5%B7%9E%E6%9D%B0%E6%98%93%E5%A4%A9%E6%99%BA%E8%83%BD%E7%B3%BB%E7%BB%9F%E9%9B%86%E6%88%90%E6%9C%89%E9%99%90%E5%85%AC%E5%8F%B8,https://sou.zhaopin.com/?kw=%E5%B8%B8%E5%B7%9E%E6%9D%B0%E6%98%93%E5%A4%A9%E6%99%BA%E8%83%BD%E7%B3%BB%E7%BB%9F%E9%9B%86%E6%88%90%E6%9C%89%E9%99%90%E5%85%AC%E5%8F%B8,,,,,,
13,常州,常州卓远智能系统集成有限公司,小型民企,技术支持工程师（IoT/云平台） / 项目实施/交付工程师（物联网） / 云平台/DevOps运维工程师,291.0,44.0,100万人民币,2016,存续,https://www.zhipin.com/web/geek/job?query=%E5%B8%B8%E5%B7%9E%E5%8D%93%E8%BF%9C%E6%99%BA%E8%83%BD%E7%B3%BB%E7%BB%9F%E9%9B%86%E6%88%90%E6%9C%89%E9%99%90%E5%85%AC%E5%8F%B8,https://sou.zhaopin.com/?kw=%E5%B8%B8%E5%B7%9E%E5%8D%93%E8%BF%9C%E6%99%BA%E8%83%BD%E7%B3%BB%E7%BB%9F%E9%9B%86%E6%88%90%E6%9C%89%E9%99%90%E5%85%AC%E5%8F%B8,,,,,,
14,常州,常州旭高智能系统集成有限公司,小型民企,技术支持工程师（IoT/云平台） / 项目实施/交付工程师（物联网） / 云平台/DevOps运维工程师,291.0,44.0,200万人民币,2017,存续,https://www.zhipin.com/web/geek/job?query=%E5%B8%B8%E5%B7%9E%E6%97%AD%E9%AB%98%E6%99%BA%E8%83%BD%E7%B3%BB%E7%BB%9F%E9%9B%86%E6%88%90%E6%9C%89%E9%99%90%E5%85%AC%E5%8F%B8,https://sou.zhaopin.com/?kw=%E5%B8%B8%E5%B7%9E%E6%97%AD%E9%AB%98%E6%99%BA%E8%83%BD%E7%B3%BB%E7%BB%9F%E9%9B%86%E6%88%90%E6%9C%89%E9%99%90%E5%85%AC%E5%8F%B8,,,,,,
15,常州,常州中湾智能科技有限公司,小型民企,技术支持工程师（IoT/云平台） / 项目实施/交付工程师（物联网） / 云平台/DevOps运维工程师,290.0,46.0,743.7833万人民币,2020,存续,https://www.zhipin.com/web/geek/job?query=%E5%B8%B8%E5%B7%9E%E4%B8%AD%E6%B9%BE%E6%99%BA%E8%83%BD%E7%A7%91%E6%8A%80%E6%9C%89%E9%99%90%E5%85%AC%E5%8F%B8,https://sou.zhaopin.com/?kw=%E5%B8%B8%E5%B7%9E%E4%B8%AD%E6%B9%BE%E6%99%BA%E8%83%BD%E7%A7%91%E6%8A%80%E6%9C%89%E9%99%90%E5%85%AC%E5%8F%B8,,,,,,
16,常州,常州市宇元人工智能科技有限公司,微型/初创,技术支持工程师（IoT/云平台） / 项目实施/交付工程师（物联网） / 云平台/DevOps运维工程师,290.0,45.0,12万人民币,2026,存续,https://www.zhipin.com/web/geek/job?query=%E5%B8%B8%E5%B7%9E%E5%B8%82%E5%AE%87%E5%85%83%E4%BA%BA%E5%B7%A5%E6%99%BA%E8%83%BD%E7%A7%91%E6%8A%80%E6%9C%89%E9%99%90%E5%85%AC%E5%8F%B8,https://sou.zhaopin.com/?kw=%E5%B8%B8%E5%B7%9E%E5%B8%82%E5%AE%87%E5%85%83%E4%BA%BA%E5%B7%A5%E6%99%BA%E8%83%BD%E7%A7%91%E6%8A%80%E6%9C%89%E9%99%90%E5%85%AC%E5%8F%B8,,,,,,
17,常州,常州辉途智能科技有限公司,小型民企,技术支持工程师（IoT/云平台） / 项目实施/交付工程师（物联网） / 云平台/DevOps运维工程师,289.0,49.0,400万人民币,2019,在业,https://www.zhipin.com/web/geek/job?query=%E5%B8%B8%E5%B7%9E%E8%BE%89%E9%80%94%E6%99%BA%E8%83%BD%E7%A7%91%E6%8A%80%E6%9C%89%E9%99%90%E5%85%AC%E5%8F%B8,https://sou.zhaopin.com/?kw=%E5%B8%B8%E5%B7%9E%E8%BE%89%E9%80%94%E6%99%BA%E8%83%BD%E7%A7%91%E6%8A%80%E6%9C%89%E9%99%90%E5%85%AC%E5%8F%B8,,,,,,
18,常州,常州云计算信息科技有限公司,微型/初创,技术支持工程师（IoT/云平台） / 项目实施/交付工程师（物联网） / 云平台/DevOps运维工程师,289.0,46.0,50万人民币,2011,在业,https://www.zhipin.com/web/geek/job?query=%E5%B8%B8%E5%B7%9E%E4%BA%91%E8%AE%A1%E7%AE%97%E4%BF%A1%E6%81%AF%E7%A7%91%E6%8A%80%E6%9C%89%E9%99%90%E5%85%AC%E5%8F%B8,https://sou.zhaopin.com/?kw=%E5%B8%B8%E5%B7%9E%E4%BA%91%E8%AE%A1%E7%AE%97%E4%BF%A1%E6%81%AF%E7%A7%91%E6%8A%80%E6%9C%89%E9%99%90%E5%85%AC%E5%8F%B8,,,,,,
19,常州,常州市智领世纪物联网科技有限公司,中型民企,技术支持工程师（IoT/云平台） / 项目实施/交付工程师（物联网） / 云平台/DevOps运维工程师,289.0,43.0,1000万人民币,2013,存续,https://www.zhipin.com/web/geek/job?query=%E5%B8%B8%E5%B7%9E%E5%B8%82%E6%99%BA%E9%A2%86%E4%B8%96%E7%BA%AA%E7%89%A9%E8%81%94%E7%BD%91%E7%A7%91%E6%8A%80%E6%9C%89%E9%99%90%E5%85%AC%E5%8F%B8,https://sou.zhaopin.com/?kw=%E5%B8%B8%E5%B7%9E%E5%B8%82%E6%99%BA%E9%A2%86%E4%B8%96%E7%BA%AA%E7%89%A9%E8%81%94%E7%BD%91%E7%A7%91%E6%8A%80%E6%9C%89%E9%99%90%E5%85%AC%E5%8F%B8,,,,,,
20,常州,常州市蓝涛物联网科技有限公司,中型民企,技术支持工程师（IoT/云平台） / 项目实施/交付工程师（物联网） / 云平台/DevOps运维工程师,289.0,43.0,1050万人民币,2014,存续,https://www.zhipin.com/web/geek/job?query=%E5%B8%B8%E5%B7%9E%E5%B8%82%E8%93%9D%E6%B6%9B%E7%89%A9%E8%81%94%E7%BD%91%E7%A7%91%E6%8A%80%E6%9C%89%E9%99%90%E5%85%AC%E5%8F%B8,https://sou.zhaopin.com/?kw=%E5%B8%B8%E5%B7%9E%E5%B8%82%E8%93%9D%E6%B6%9B%E7%89%A9%E8%81%94%E7%BD%91%E7%A7%91%E6%8A%80%E6%9C%89%E9%99%90%E5%85%AC%E5%8F%B8,,,,,,
21,常州,常州拜特物联网科技有限公司,中型民企,技术支持工程师（IoT/云平台） / 项目实施/交付工程师（物联网） / 云平台/DevOps运维工程师,289.0,43.0,1000万人民币,2018,存续,https://www.zhipin.com/web/geek/job?query=%E5%B8%B8%E5%B7%9E%E6%8B%9C%E7%89%B9%E7%89%A9%E8%81%94%E7%BD%91%E7%A7%91%E6%8A%80%E6%9C%89%E9%99%90%E5%85%AC%E5%8F%B8,https://sou.zhaopin.com/?kw=%E5%B8%B8%E5%B7%9E%E6%8B%9C%E7%89%B9%E7%89%A9%E8%81%94%E7%BD%91%E7%A7%91%E6%8A%80%E6%9C%89%E9%99%90%E5%85%AC%E5%8F%B8,,,,,,
22,常州,常州梵可潞物联网科技有限公司,中型民企,技术支持工程师（IoT/云平台） / 项目实施/交付工程师（物联网） / 云平台/DevOps运维工程师,289.0,43.0,1000万人民币,2017,存续,https://www.zhipin.com/web/geek/job?query=%E5%B8%B8%E5%B7%9E%E6%A2%B5%E5%8F%AF%E6%BD%9E%E7%89%A9%E8%81%94%E7%BD%91%E7%A7%91%E6%8A%80%E6%9C%89%E9%99%90%E5%85%AC%E5%8F%B8,https://sou.zhaopin.com/?kw=%E5%B8%B8%E5%B7%9E%E6%A2%B5%E5%8F%AF%E6%BD%9E%E7%89%A9%E8%81%94%E7%BD%91%E7%A7%91%E6%8A%80%E6%9C%89%E9%99%90%E5%85%AC%E5%8F%B8,,,,,,
23,常州,常州汤姆软件开发有限公司,小型民企,技术支持工程师（IoT/云平台） / 项目实施/交付工程师（物联网） / 云平台/DevOps运维工程师,288.0,49.0,300万人民币,2020,存续,https://www.zhipin.com/web/geek/job?query=%E5%B8%B8%E5%B7%9E%E6%B1%A4%E5%A7%86%E8%BD%AF%E4%BB%B6%E5%BC%80%E5%8F%91%E6%9C%89%E9%99%90%E5%85%AC%E5%8F%B8,https://sou.zhaopin.com/?kw=%E5%B8%B8%E5%B7%9E%E6%B1%A4%E5%A7%86%E8%BD%AF%E4%BB%B6%E5%BC%80%E5%8F%91%E6%9C%89%E9%99%90%E5%85%AC%E5%8F%B8,,,,,,
24,常州,常州无相智能科技有限公司,小型民企,技术支持工程师（IoT/云平台） / 项目实施/交付工程师（物联网） / 云平台/DevOps运维工程师,287.0,49.0,250万人民币,2019,存续,https://www.zhipin.com/web/geek/job?query=%E5%B8%B8%E5%B7%9E%E6%97%A0%E7%9B%B8%E6%99%BA%E8%83%BD%E7%A7%91%E6%8A%80%E6%9C%89%E9%99%90%E5%85%AC%E5%8F%B8,https://sou.zhaopin.com/?kw=%E5%B8%B8%E5%B7%9E%E6%97%A0%E7%9B%B8%E6%99%BA%E8%83%BD%E7%A7%91%E6%8A%80%E6%9C%89%E9%99%90%E5%85%AC%E5%8F%B8,,,,,,
25,常州,常州艾莫斯智能科技有限公司,小型民企,技术支持工程师（IoT/云平台） / 项目实施/交付工程师（物联网） / 云平台/DevOps运维工程师,287.0,46.0,100万人民币,2016,在业,https://www.zhipin.com/web/geek/job?query=%E5%B8%B8%E5%B7%9E%E8%89%BE%E8%8E%AB%E6%96%AF%E6%99%BA%E8%83%BD%E7%A7%91%E6%8A%80%E6%9C%89%E9%99%90%E5%85%AC%E5%8F%B8,https://sou.zhaopin.com/?kw=%E5%B8%B8%E5%B7%9E%E8%89%BE%E8%8E%AB%E6%96%AF%E6%99%BA%E8%83%BD%E7%A7%91%E6%8A%80%E6%9C%89%E9%99%90%E5%85%AC%E5%8F%B8,,,,,,
26,常州,常州新网星计算机系统集成有限公司,中型民企,技术支持工程师（IoT/云平台） / 项目实施/交付工程师（物联网） / 云平台/DevOps运维工程师,287.0,40.0,1000万人民币,2009,在业,https://www.zhipin.com/web/geek/job?query=%E5%B8%B8%E5%B7%9E%E6%96%B0%E7%BD%91%E6%98%9F%E8%AE%A1%E7%AE%97%E6%9C%BA%E7%B3%BB%E7%BB%9F%E9%9B%86%E6%88%90%E6%9C%89%E9%99%90%E5%85%AC%E5%8F%B8,https://sou.zhaopin.com/?kw=%E5%B8%B8%E5%B7%9E%E6%96%B0%E7%BD%91%E6%98%9F%E8%AE%A1%E7%AE%97%E6%9C%BA%E7%B3%BB%E7%BB%9F%E9%9B%86%E6%88%90%E6%9C%89%E9%99%90%E5%85%AC%E5%8F%B8,,,,,,
27,常州,常州华清科盛信息系统集成有限公司,小型民企,技术支持工程师（IoT/云平台） / 项目实施/交付工程师（物联网） / 云平台/DevOps运维工程师,285.0,43.0,100万人民币,2013,在业,https://www.zhipin.com/web/geek/job?query=%E5%B8%B8%E5%B7%9E%E5%8D%8E%E6%B8%85%E7%A7%91%E7%9B%9B%E4%BF%A1%E6%81%AF%E7%B3%BB%E7%BB%9F%E9%9B%86%E6%88%90%E6%9C%89%E9%99%90%E5%85%AC%E5%8F%B8,https://sou.zhaopin.com/?kw=%E5%B8%B8%E5%B7%9E%E5%8D%8E%E6%B8%85%E7%A7%91%E7%9B%9B%E4%BF%A1%E6%81%AF%E7%B3%BB%E7%BB%9F%E9%9B%86%E6%88%90%E6%9C%89%E9%99%90%E5%85%AC%E5%8F%B8,,,,,,
28,常州,常州潭川智能科技有限公司,小型民企,技术支持工程师（IoT/云平台） / 项目实施/交付工程师（物联网） / 云平台/DevOps运维工程师,284.0,49.0,200万人民币,2023,在业,https://www.zhipin.com/web/geek/job?query=%E5%B8%B8%E5%B7%9E%E6%BD%AD%E5%B7%9D%E6%99%BA%E8%83%BD%E7%A7%91%E6%8A%80%E6%9C%89%E9%99%90%E5%85%AC%E5%8F%B8,https://sou.zhaopin.com/?kw=%E5%B8%B8%E5%B7%9E%E6%BD%AD%E5%B7%9D%E6%99%BA%E8%83%BD%E7%A7%91%E6%8A%80%E6%9C%89%E9%99%90%E5%85%AC%E5%8F%B8,,,,,,
29,常州,常州尖锋软件开发有限公司,小型民企,技术支持工程师（IoT/云平台） / 项目实施/交付工程师（物联网） / 云平台/DevOps运维工程师,284.0,41.0,200万人民币,2008,在业,https://www.zhipin.com/web/geek/job?query=%E5%B8%B8%E5%B7%9E%E5%B0%96%E9%94%8B%E8%BD%AF%E4%BB%B6%E5%BC%80%E5%8F%91%E6%9C%89%E9%99%90%E5%85%AC%E5%8F%B8,https://sou.zhaopin.com/?kw=%E5%B8%B8%E5%B7%9E%E5%B0%96%E9%94%8B%E8%BD%AF%E4%BB%B6%E5%BC%80%E5%8F%91%E6%9C%89%E9%99%90%E5%85%AC%E5%8F%B8,,,,,,
30,常州,常州新竹软件开发有限公司,微型/初创,技术支持工程师（IoT/云平台） / 项目实施/交付工程师（物联网） / 云平台/DevOps运维工程师,282.0,49.0,10万人民币,2018,在业,https://www.zhipin.com/web/geek/job?query=%E5%B8%B8%E5%B7%9E%E6%96%B0%E7%AB%B9%E8%BD%AF%E4%BB%B6%E5%BC%80%E5%8F%91%E6%9C%89%E9%99%90%E5%85%AC%E5%8F%B8,https://sou.zhaopin.com/?kw=%E5%B8%B8%E5%B7%9E%E6%96%B0%E7%AB%B9%E8%BD%AF%E4%BB%B6%E5%BC%80%E5%8F%91%E6%9C%89%E9%99%90%E5%85%AC%E5%8F%B8,,,,,,
31,常州,常州源昇软件开发有限公司,小型民企,技术支持工程师（IoT/云平台） / 项目实施/交付工程师（物联网） / 云平台/DevOps运维工程师,282.0,41.0,300万人民币,2015,存续,https://www.zhipin.com/web/geek/job?query=%E5%B8%B8%E5%B7%9E%E6%BA%90%E6%98%87%E8%BD%AF%E4%BB%B6%E5%BC%80%E5%8F%91%E6%9C%89%E9%99%90%E5%85%AC%E5%8F%B8,https://sou.zhaopin.com/?kw=%E5%B8%B8%E5%B7%9E%E6%BA%90%E6%98%87%E8%BD%AF%E4%BB%B6%E5%BC%80%E5%8F%91%E6%9C%89%E9%99%90%E5%85%AC%E5%8F%B8,,,,,,
32,常州,常州贝来软件开发有限公司,小型民企,技术支持工程师（IoT/云平台） / 项目实施/交付工程师（物联网） / 云平台/DevOps运维工程师,282.0,41.0,100万人民币,2016,存续,https://www.zhipin.com/web/geek/job?query=%E5%B8%B8%E5%B7%9E%E8%B4%9D%E6%9D%A5%E8%BD%AF%E4%BB%B6%E5%BC%80%E5%8F%91%E6%9C%89%E9%99%90%E5%85%AC%E5%8F%B8,https://sou.zhaopin.com/?kw=%E5%B8%B8%E5%B7%9E%E8%B4%9D%E6%9D%A5%E8%BD%AF%E4%BB%B6%E5%BC%80%E5%8F%91%E6%9C%89%E9%99%90%E5%85%AC%E5%8F%B8,,,,,,
33,常州,常州嘉腾物联网科技有限公司,小型民企,技术支持工程师（IoT/云平台） / 项目实施/交付工程师（物联网） / 云平台/DevOps运维工程师,280.0,49.0,100万人民币,2019,存续,https://www.zhipin.com/web/geek/job?query=%E5%B8%B8%E5%B7%9E%E5%98%89%E8%85%BE%E7%89%A9%E8%81%94%E7%BD%91%E7%A7%91%E6%8A%80%E6%9C%89%E9%99%90%E5%85%AC%E5%8F%B8,https://sou.zhaopin.com/?kw=%E5%B8%B8%E5%B7%9E%E5%98%89%E8%85%BE%E7%89%A9%E8%81%94%E7%BD%91%E7%A7%91%E6%8A%80%E6%9C%89%E9%99%90%E5%85%AC%E5%8F%B8,,,,,,
34,常州,常州盲芯物联网科技有限公司,小型民企,技术支持工程师（IoT/云平台） / 项目实施/交付工程师（物联网） / 云平台/DevOps运维工程师,280.0,49.0,100万人民币,2021,存续,https://www.zhipin.com/web/geek/job?query=%E5%B8%B8%E5%B7%9E%E7%9B%B2%E8%8A%AF%E7%89%A9%E8%81%94%E7%BD%91%E7%A7%91%E6%8A%80%E6%9C%89%E9%99%90%E5%85%AC%E5%8F%B8,https://sou.zhaopin.com/?kw=%E5%B8%B8%E5%B7%9E%E7%9B%B2%E8%8A%AF%E7%89%A9%E8%81%94%E7%BD%91%E7%A7%91%E6%8A%80%E6%9C%89%E9%99%90%E5%85%AC%E5%8F%B8,,,,,,
35,常州,常州开尔物联网科技有限公司,小型民企,技术支持工程师（IoT/云平台） / 项目实施/交付工程师（物联网） / 云平台/DevOps运维工程师,280.0,49.0,100万人民币,2018,存续,https://www.zhipin.com/web/geek/job?query=%E5%B8%B8%E5%B7%9E%E5%BC%80%E5%B0%94%E7%89%A9%E8%81%94%E7%BD%91%E7%A7%91%E6%8A%80%E6%9C%89%E9%99%90%E5%85%AC%E5%8F%B8,https://sou.zhaopin.com/?kw=%E5%B8%B8%E5%B7%9E%E5%BC%80%E5%B0%94%E7%89%A9%E8%81%94%E7%BD%91%E7%A7%91%E6%8A%80%E6%9C%89%E9%99%90%E5%85%AC%E5%8F%B8,,,,,,
36,常州,常州富德安物联网科技有限公司,小型民企,技术支持工程师（IoT/云平台） / 项目实施/交付工程师（物联网） / 云平台/DevOps运维工程师,280.0,46.0,300万人民币,2013,在业,https://www.zhipin.com/web/geek/job?query=%E5%B8%B8%E5%B7%9E%E5%AF%8C%E5%BE%B7%E5%AE%89%E7%89%A9%E8%81%94%E7%BD%91%E7%A7%91%E6%8A%80%E6%9C%89%E9%99%90%E5%85%AC%E5%8F%B8,https://sou.zhaopin.com/?kw=%E5%B8%B8%E5%B7%9E%E5%AF%8C%E5%BE%B7%E5%AE%89%E7%89%A9%E8%81%94%E7%BD%91%E7%A7%91%E6%8A%80%E6%9C%89%E9%99%90%E5%85%AC%E5%8F%B8,,,,,,
37,常州,常州慨峖慷物联网产品科技有限公司,小型民企,技术支持工程师（IoT/云平台） / 项目实施/交付工程师（物联网） / 云平台/DevOps运维工程师,280.0,43.0,500万人民币,2015,存续,https://www.zhipin.com/web/geek/job?query=%E5%B8%B8%E5%B7%9E%E6%85%A8%E5%B3%96%E6%85%B7%E7%89%A9%E8%81%94%E7%BD%91%E4%BA%A7%E5%93%81%E7%A7%91%E6%8A%80%E6%9C%89%E9%99%90%E5%85%AC%E5%8F%B8,https://sou.zhaopin.com/?kw=%E5%B8%B8%E5%B7%9E%E6%85%A8%E5%B3%96%E6%85%B7%E7%89%A9%E8%81%94%E7%BD%91%E4%BA%A7%E5%93%81%E7%A7%91%E6%8A%80%E6%9C%89%E9%99%90%E5%85%AC%E5%8F%B8,,,,,,
38,常州,常州丽阳计算机系统集成有限公司,小型民企,技术支持工程师（IoT/云平台） / 项目实施/交付工程师（物联网） / 云平台/DevOps运维工程师,278.0,49.0,100万人民币,2019,存续,https://www.zhipin.com/web/geek/job?query=%E5%B8%B8%E5%B7%9E%E4%B8%BD%E9%98%B3%E8%AE%A1%E7%AE%97%E6%9C%BA%E7%B3%BB%E7%BB%9F%E9%9B%86%E6%88%90%E6%9C%89%E9%99%90%E5%85%AC%E5%8F%B8,https://sou.zhaopin.com/?kw=%E5%B8%B8%E5%B7%9E%E4%B8%BD%E9%98%B3%E8%AE%A1%E7%AE%97%E6%9C%BA%E7%B3%BB%E7%BB%9F%E9%9B%86%E6%88%90%E6%9C%89%E9%99%90%E5%85%AC%E5%8F%B8,,,,,,
39,常州,常州海科物联网科技有限公司,小型民企,技术支持工程师（IoT/云平台） / 项目实施/交付工程师（物联网） / 云平台/DevOps运维工程师,278.0,46.0,300万人民币,2014,存续,https://www.zhipin.com/web/geek/job?query=%E5%B8%B8%E5%B7%9E%E6%B5%B7%E7%A7%91%E7%89%A9%E8%81%94%E7%BD%91%E7%A7%91%E6%8A%80%E6%9C%89%E9%99%90%E5%85%AC%E5%8F%B8,https://sou.zhaopin.com/?kw=%E5%B8%B8%E5%B7%9E%E6%B5%B7%E7%A7%91%E7%89%A9%E8%81%94%E7%BD%91%E7%A7%91%E6%8A%80%E6%9C%89%E9%99%90%E5%85%AC%E5%8F%B8,,,,,,
40,常州,常州四加六智能科技有限公司,小型民企,技术支持工程师（IoT/云平台） / 项目实施/交付工程师（物联网） / 云平台/DevOps运维工程师,276.0,45.0,100万人民币,2024,在业,https://www.zhipin.com/web/geek/job?query=%E5%B8%B8%E5%B7%9E%E5%9B%9B%E5%8A%A0%E5%85%AD%E6%99%BA%E8%83%BD%E7%A7%91%E6%8A%80%E6%9C%89%E9%99%90%E5%85%AC%E5%8F%B8,https://sou.zhaopin.com/?kw=%E5%B8%B8%E5%B7%9E%E5%9B%9B%E5%8A%A0%E5%85%AD%E6%99%BA%E8%83%BD%E7%A7%91%E6%8A%80%E6%9C%89%E9%99%90%E5%85%AC%E5%8F%B8,,,,,,
41,常州,常州市工业互联网研究院股份有限公司,中小集团,技术支持工程师（IoT/云平台） / 项目实施/交付工程师（物联网） / 云平台/DevOps运维工程师,276.0,35.0,1000万人民币,2020,存续,https://www.zhipin.com/web/geek/job?query=%E5%B8%B8%E5%B7%9E%E5%B8%82%E5%B7%A5%E4%B8%9A%E4%BA%92%E8%81%94%E7%BD%91%E7%A0%94%E7%A9%B6%E9%99%A2%E8%82%A1%E4%BB%BD%E6%9C%89%E9%99%90%E5%85%AC%E5%8F%B8,https://sou.zhaopin.com/?kw=%E5%B8%B8%E5%B7%9E%E5%B8%82%E5%B7%A5%E4%B8%9A%E4%BA%92%E8%81%94%E7%BD%91%E7%A0%94%E7%A9%B6%E9%99%A2%E8%82%A1%E4%BB%BD%E6%9C%89%E9%99%90%E5%85%AC%E5%8F%B8,,,,,,
42,常州,常州果喆物联网科技有限公司,小型民企,技术支持工程师（IoT/云平台） / 项目实施/交付工程师（物联网） / 云平台/DevOps运维工程师,275.0,49.0,100万人民币,2022,存续,https://www.zhipin.com/web/geek/job?query=%E5%B8%B8%E5%B7%9E%E6%9E%9C%E5%96%86%E7%89%A9%E8%81%94%E7%BD%91%E7%A7%91%E6%8A%80%E6%9C%89%E9%99%90%E5%85%AC%E5%8F%B8,https://sou.zhaopin.com/?kw=%E5%B8%B8%E5%B7%9E%E6%9E%9C%E5%96%86%E7%89%A9%E8%81%94%E7%BD%91%E7%A7%91%E6%8A%80%E6%9C%89%E9%99%90%E5%85%AC%E5%8F%B8,,,,,,
43,常州,常州云擎信息科技有限公司,小型民企,技术支持工程师（IoT/云平台） / 项目实施/交付工程师（物联网） / 云平台/DevOps运维工程师,275.0,43.0,100万人民币,2017,存续,https://www.zhipin.com/web/geek/job?query=%E5%B8%B8%E5%B7%9E%E4%BA%91%E6%93%8E%E4%BF%A1%E6%81%AF%E7%A7%91%E6%8A%80%E6%9C%89%E9%99%90%E5%85%AC%E5%8F%B8,https://sou.zhaopin.com/?kw=%E5%B8%B8%E5%B7%9E%E4%BA%91%E6%93%8E%E4%BF%A1%E6%81%AF%E7%A7%91%E6%8A%80%E6%9C%89%E9%99%90%E5%85%AC%E5%8F%B8,,,,,,
44,常州,常州清治智能科技有限公司,小型民企,技术支持工程师（IoT/云平台） / 项目实施/交付工程师（物联网） / 云平台/DevOps运维工程师,274.0,45.0,102.9万人民币,2024,存续,https://www.zhipin.com/web/geek/job?query=%E5%B8%B8%E5%B7%9E%E6%B8%85%E6%B2%BB%E6%99%BA%E8%83%BD%E7%A7%91%E6%8A%80%E6%9C%89%E9%99%90%E5%85%AC%E5%8F%B8,https://sou.zhaopin.com/?kw=%E5%B8%B8%E5%B7%9E%E6%B8%85%E6%B2%BB%E6%99%BA%E8%83%BD%E7%A7%91%E6%8A%80%E6%9C%89%E9%99%90%E5%85%AC%E5%8F%B8,,,,,,
45,常州,常州橙道系统集成有限公司,小型民企,技术支持工程师（IoT/云平台） / 项目实施/交付工程师（物联网） / 云平台/DevOps运维工程师,273.0,46.0,500万人民币,2021,存续,https://www.zhipin.com/web/geek/job?query=%E5%B8%B8%E5%B7%9E%E6%A9%99%E9%81%93%E7%B3%BB%E7%BB%9F%E9%9B%86%E6%88%90%E6%9C%89%E9%99%90%E5%85%AC%E5%8F%B8,https://sou.zhaopin.com/?kw=%E5%B8%B8%E5%B7%9E%E6%A9%99%E9%81%93%E7%B3%BB%E7%BB%9F%E9%9B%86%E6%88%90%E6%9C%89%E9%99%90%E5%85%AC%E5%8F%B8,,,,,,
46,常州,常州樾翱系统集成有限公司,小型民企,技术支持工程师（IoT/云平台） / 项目实施/交付工程师（物联网） / 云平台/DevOps运维工程师,273.0,46.0,500万人民币,2021,存续,https://www.zhipin.com/web/geek/job?query=%E5%B8%B8%E5%B7%9E%E6%A8%BE%E7%BF%B1%E7%B3%BB%E7%BB%9F%E9%9B%86%E6%88%90%E6%9C%89%E9%99%90%E5%85%AC%E5%8F%B8,https://sou.zhaopin.com/?kw=%E5%B8%B8%E5%B7%9E%E6%A8%BE%E7%BF%B1%E7%B3%BB%E7%BB%9F%E9%9B%86%E6%88%90%E6%9C%89%E9%99%90%E5%85%AC%E5%8F%B8,,,,,,
47,常州,常州重光软件开发有限公司,微型/初创,技术支持工程师（IoT/云平台） / 项目实施/交付工程师（物联网） / 云平台/DevOps运维工程师,273.0,41.0,10万人民币,2014,存续,https://www.zhipin.com/web/geek/job?query=%E5%B8%B8%E5%B7%9E%E9%87%8D%E5%85%89%E8%BD%AF%E4%BB%B6%E5%BC%80%E5%8F%91%E6%9C%89%E9%99%90%E5%85%AC%E5%8F%B8,https://sou.zhaopin.com/?kw=%E5%B8%B8%E5%B7%9E%E9%87%8D%E5%85%89%E8%BD%AF%E4%BB%B6%E5%BC%80%E5%8F%91%E6%9C%89%E9%99%90%E5%85%AC%E5%8F%B8,,,,,,
48,常州,常州仟雪软件开发有限公司,小型民企,技术支持工程师（IoT/云平台） / 项目实施/交付工程师（物联网） / 云平台/DevOps运维工程师,273.0,40.0,100万人民币,2024,在业,https://www.zhipin.com/web/geek/job?query=%E5%B8%B8%E5%B7%9E%E4%BB%9F%E9%9B%AA%E8%BD%AF%E4%BB%B6%E5%BC%80%E5%8F%91%E6%9C%89%E9%99%90%E5%85%AC%E5%8F%B8,https://sou.zhaopin.com/?kw=%E5%B8%B8%E5%B7%9E%E4%BB%9F%E9%9B%AA%E8%BD%AF%E4%BB%B6%E5%BC%80%E5%8F%91%E6%9C%89%E9%99%90%E5%85%AC%E5%8F%B8,,,,,,
49,常州,常州德米赛软件开发有限公司,小型民企,技术支持工程师（IoT/云平台） / 项目实施/交付工程师（物联网） / 云平台/DevOps运维工程师,271.0,40.0,100万人民币,2025,存续,https://www.zhipin.com/web/geek/job?query=%E5%B8%B8%E5%B7%9E%E5%BE%B7%E7%B1%B3%E8%B5%9B%E8%BD%AF%E4%BB%B6%E5%BC%80%E5%8F%91%E6%9C%89%E9%99%90%E5%85%AC%E5%8F%B8,https://sou.zhaopin.com/?kw=%E5%B8%B8%E5%B7%9E%E5%BE%B7%E7%B1%B3%E8%B5%9B%E8%BD%AF%E4%BB%B6%E5%BC%80%E5%8F%91%E6%9C%89%E9%99%90%E5%85%AC%E5%8F%B8,,,,,,
50,常州,常州米尔赛软件开发有限公司,小型民企,技术支持工程师（IoT/云平台） / 项目实施/交付工程师（物联网） / 云平台/DevOps运维工程师,271.0,40.0,100万人民币,2025,存续,https://www.zhipin.com/web/geek/job?query=%E5%B8%B8%E5%B7%9E%E7%B1%B3%E5%B0%94%E8%B5%9B%E8%BD%AF%E4%BB%B6%E5%BC%80%E5%8F%91%E6%9C%89%E9%99%90%E5%85%AC%E5%8F%B8,https://sou.zhaopin.com/?kw=%E5%B8%B8%E5%B7%9E%E7%B1%B3%E5%B0%94%E8%B5%9B%E8%BD%AF%E4%BB%B6%E5%BC%80%E5%8F%91%E6%9C%89%E9%99%90%E5%85%AC%E5%8F%B8,,,,,,
51,常州,常州冉亚软件开发有限公司,小型民企,技术支持工程师（IoT/云平台） / 项目实施/交付工程师（物联网） / 云平台/DevOps运维工程师,271.0,40.0,100万人民币,2025,存续,https://www.zhipin.com/web/geek/job?query=%E5%B8%B8%E5%B7%9E%E5%86%89%E4%BA%9A%E8%BD%AF%E4%BB%B6%E5%BC%80%E5%8F%91%E6%9C%89%E9%99%90%E5%85%AC%E5%8F%B8,https://sou.zhaopin.com/?kw=%E5%B8%B8%E5%B7%9E%E5%86%89%E4%BA%9A%E8%BD%AF%E4%BB%B6%E5%BC%80%E5%8F%91%E6%9C%89%E9%99%90%E5%85%AC%E5%8F%B8,,,,,,
52,常州,常州科序软件开发有限公司,小型民企,技术支持工程师（IoT/云平台） / 项目实施/交付工程师（物联网） / 云平台/DevOps运维工程师,271.0,40.0,100万人民币,2026,存续,https://www.zhipin.com/web/geek/job?query=%E5%B8%B8%E5%B7%9E%E7%A7%91%E5%BA%8F%E8%BD%AF%E4%BB%B6%E5%BC%80%E5%8F%91%E6%9C%89%E9%99%90%E5%85%AC%E5%8F%B8,https://sou.zhaopin.com/?kw=%E5%B8%B8%E5%B7%9E%E7%A7%91%E5%BA%8F%E8%BD%AF%E4%BB%B6%E5%BC%80%E5%8F%91%E6%9C%89%E9%99%90%E5%85%AC%E5%8F%B8,,,,,,
53,常州,常州菁哲物联网技术有限公司,小型民企,技术支持工程师（IoT/云平台） / 项目实施/交付工程师（物联网）,270.0,49.0,100万人民币,2020,存续,https://www.zhipin.com/web/geek/job?query=%E5%B8%B8%E5%B7%9E%E8%8F%81%E5%93%B2%E7%89%A9%E8%81%94%E7%BD%91%E6%8A%80%E6%9C%AF%E6%9C%89%E9%99%90%E5%85%AC%E5%8F%B8,https://sou.zhaopin.com/?kw=%E5%B8%B8%E5%B7%9E%E8%8F%81%E5%93%B2%E7%89%A9%E8%81%94%E7%BD%91%E6%8A%80%E6%9C%AF%E6%9C%89%E9%99%90%E5%85%AC%E5%8F%B8,,,,,,
54,常州,常州驰煦系统集成有限公司,小型民企,技术支持工程师（IoT/云平台） / 项目实施/交付工程师（物联网）,270.0,49.0,100万人民币,2020,存续,https://www.zhipin.com/web/geek/job?query=%E5%B8%B8%E5%B7%9E%E9%A9%B0%E7%85%A6%E7%B3%BB%E7%BB%9F%E9%9B%86%E6%88%90%E6%9C%89%E9%99%90%E5%85%AC%E5%8F%B8,https://sou.zhaopin.com/?kw=%E5%B8%B8%E5%B7%9E%E9%A9%B0%E7%85%A6%E7%B3%BB%E7%BB%9F%E9%9B%86%E6%88%90%E6%9C%89%E9%99%90%E5%85%AC%E5%8F%B8,,,,,,
55,常州,常州优正系统集成有限公司,小型民企,技术支持工程师（IoT/云平台） / 项目实施/交付工程师（物联网）,270.0,49.0,200万人民币,2021,存续,https://www.zhipin.com/web/geek/job?query=%E5%B8%B8%E5%B7%9E%E4%BC%98%E6%AD%A3%E7%B3%BB%E7%BB%9F%E9%9B%86%E6%88%90%E6%9C%89%E9%99%90%E5%85%AC%E5%8F%B8,https://sou.zhaopin.com/?kw=%E5%B8%B8%E5%B7%9E%E4%BC%98%E6%AD%A3%E7%B3%BB%E7%BB%9F%E9%9B%86%E6%88%90%E6%9C%89%E9%99%90%E5%85%AC%E5%8F%B8,,,,,,
56,常州,常州龙拳物联网科技有限公司,微型/初创,技术支持工程师（IoT/云平台） / 项目实施/交付工程师（物联网）,269.0,49.0,50万人民币,2023,在业,https://www.zhipin.com/web/geek/job?query=%E5%B8%B8%E5%B7%9E%E9%BE%99%E6%8B%B3%E7%89%A9%E8%81%94%E7%BD%91%E7%A7%91%E6%8A%80%E6%9C%89%E9%99%90%E5%85%AC%E5%8F%B8,https://sou.zhaopin.com/?kw=%E5%B8%B8%E5%B7%9E%E9%BE%99%E6%8B%B3%E7%89%A9%E8%81%94%E7%BD%91%E7%A7%91%E6%8A%80%E6%9C%89%E9%99%90%E5%85%AC%E5%8F%B8,,,,,,
57,常州,常州邦通物联网技术有限公司,小型民企,技术支持工程师（IoT/云平台） / 项目实施/交付工程师（物联网）,269.0,41.0,500万人民币,2017,存续,https://www.zhipin.com/web/geek/job?query=%E5%B8%B8%E5%B7%9E%E9%82%A6%E9%80%9A%E7%89%A9%E8%81%94%E7%BD%91%E6%8A%80%E6%9C%AF%E6%9C%89%E9%99%90%E5%85%AC%E5%8F%B8,https://sou.zhaopin.com/?kw=%E5%B8%B8%E5%B7%9E%E9%82%A6%E9%80%9A%E7%89%A9%E8%81%94%E7%BD%91%E6%8A%80%E6%9C%AF%E6%9C%89%E9%99%90%E5%85%AC%E5%8F%B8,,,,,,
58,常州,常州常工电子科技股份有限公司,中小集团,技术支持工程师（IoT/云平台） / 项目实施/交付工程师（物联网）,268.0,32.0,2327万人民币,2000,存续,https://www.zhipin.com/web/geek/job?query=%E5%B8%B8%E5%B7%9E%E5%B8%B8%E5%B7%A5%E7%94%B5%E5%AD%90%E7%A7%91%E6%8A%80%E8%82%A1%E4%BB%BD%E6%9C%89%E9%99%90%E5%85%AC%E5%8F%B8,https://sou.zhaopin.com/?kw=%E5%B8%B8%E5%B7%9E%E5%B8%B8%E5%B7%A5%E7%94%B5%E5%AD%90%E7%A7%91%E6%8A%80%E8%82%A1%E4%BB%BD%E6%9C%89%E9%99%90%E5%85%AC%E5%8F%B8,,,,,,
59,常州,常州海蓝利科物联网技术有限公司,小型民企,技术支持工程师（IoT/云平台） / 项目实施/交付工程师（物联网）,266.0,44.0,200万人民币,2016,存续,https://www.zhipin.com/web/geek/job?query=%E5%B8%B8%E5%B7%9E%E6%B5%B7%E8%93%9D%E5%88%A9%E7%A7%91%E7%89%A9%E8%81%94%E7%BD%91%E6%8A%80%E6%9C%AF%E6%9C%89%E9%99%90%E5%85%AC%E5%8F%B8,https://sou.zhaopin.com/?kw=%E5%B8%B8%E5%B7%9E%E6%B5%B7%E8%93%9D%E5%88%A9%E7%A7%91%E7%89%A9%E8%81%94%E7%BD%91%E6%8A%80%E6%9C%AF%E6%9C%89%E9%99%90%E5%85%AC%E5%8F%B8,,,,,,
60,常州,常州光迅数据科技有限公司,小型民企,技术支持工程师（IoT/云平台） / 项目实施/交付工程师（物联网）,265.0,42.0,100万人民币,2026,存续,https://www.zhipin.com/web/geek/job?query=%E5%B8%B8%E5%B7%9E%E5%85%89%E8%BF%85%E6%95%B0%E6%8D%AE%E7%A7%91%E6%8A%80%E6%9C%89%E9%99%90%E5%85%AC%E5%8F%B8,https://sou.zhaopin.com/?kw=%E5%B8%B8%E5%B7%9E%E5%85%89%E8%BF%85%E6%95%B0%E6%8D%AE%E7%A7%91%E6%8A%80%E6%9C%89%E9%99%90%E5%85%AC%E5%8F%B8,,,,,,
61,常州,常州市源舜系统集成有限公司,微型/初创,技术支持工程师（IoT/云平台） / 项目实施/交付工程师（物联网）,264.0,49.0,50万人民币,2020,在业,https://www.zhipin.com/web/geek/job?query=%E5%B8%B8%E5%B7%9E%E5%B8%82%E6%BA%90%E8%88%9C%E7%B3%BB%E7%BB%9F%E9%9B%86%E6%88%90%E6%9C%89%E9%99%90%E5%85%AC%E5%8F%B8,https://sou.zhaopin.com/?kw=%E5%B8%B8%E5%B7%9E%E5%B8%82%E6%BA%90%E8%88%9C%E7%B3%BB%E7%BB%9F%E9%9B%86%E6%88%90%E6%9C%89%E9%99%90%E5%85%AC%E5%8F%B8,,,,,,
62,常州,常州凯艾软件开发有限公司,微型/初创,技术支持工程师（IoT/云平台） / 项目实施/交付工程师（物联网）,264.0,40.0,10万人民币,2024,在业,https://www.zhipin.com/web/geek/job?query=%E5%B8%B8%E5%B7%9E%E5%87%AF%E8%89%BE%E8%BD%AF%E4%BB%B6%E5%BC%80%E5%8F%91%E6%9C%89%E9%99%90%E5%85%AC%E5%8F%B8,https://sou.zhaopin.com/?kw=%E5%B8%B8%E5%B7%9E%E5%87%AF%E8%89%BE%E8%BD%AF%E4%BB%B6%E5%BC%80%E5%8F%91%E6%9C%89%E9%99%90%E5%85%AC%E5%8F%B8,,,,,,
63,常州,常州智构视界软件开发有限公司,微型/初创,技术支持工程师（IoT/云平台） / 项目实施/交付工程师（物联网）,264.0,40.0,20万人民币,2025,在业,https://www.zhipin.com/web/geek/job?query=%E5%B8%B8%E5%B7%9E%E6%99%BA%E6%9E%84%E8%A7%86%E7%95%8C%E8%BD%AF%E4%BB%B6%E5%BC%80%E5%8F%91%E6%9C%89%E9%99%90%E5%85%AC%E5%8F%B8,https://sou.zhaopin.com/?kw=%E5%B8%B8%E5%B7%9E%E6%99%BA%E6%9E%84%E8%A7%86%E7%95%8C%E8%BD%AF%E4%BB%B6%E5%BC%80%E5%8F%91%E6%9C%89%E9%99%90%E5%85%AC%E5%8F%B8,,,,,,
64,常州,常州达拉通软件开发有限公司,微型/初创,技术支持工程师（IoT/云平台） / 项目实施/交付工程师（物联网）,264.0,40.0,10万人民币,2025,在业,https://www.zhipin.com/web/geek/job?query=%E5%B8%B8%E5%B7%9E%E8%BE%BE%E6%8B%89%E9%80%9A%E8%BD%AF%E4%BB%B6%E5%BC%80%E5%8F%91%E6%9C%89%E9%99%90%E5%85%AC%E5%8F%B8,https://sou.zhaopin.com/?kw=%E5%B8%B8%E5%B7%9E%E8%BE%BE%E6%8B%89%E9%80%9A%E8%BD%AF%E4%BB%B6%E5%BC%80%E5%8F%91%E6%9C%89%E9%99%90%E5%85%AC%E5%8F%B8,,,,,,
65,常州,常州有信软件开发有限责任公司,微型/初创,技术支持工程师（IoT/云平台） / 项目实施/交付工程师（物联网）,264.0,40.0,10万人民币,2025,在业,https://www.zhipin.com/web/geek/job?query=%E5%B8%B8%E5%B7%9E%E6%9C%89%E4%BF%A1%E8%BD%AF%E4%BB%B6%E5%BC%80%E5%8F%91%E6%9C%89%E9%99%90%E8%B4%A3%E4%BB%BB%E5%85%AC%E5%8F%B8,https://sou.zhaopin.com/?kw=%E5%B8%B8%E5%B7%9E%E6%9C%89%E4%BF%A1%E8%BD%AF%E4%BB%B6%E5%BC%80%E5%8F%91%E6%9C%89%E9%99%90%E8%B4%A3%E4%BB%BB%E5%85%AC%E5%8F%B8,,,,,,
66,常州,常州华想云计算有限公司,小型民企,技术支持工程师（IoT/云平台） / 项目实施/交付工程师（物联网）,262.0,49.0,200万人民币,2020,存续,https://www.zhipin.com/web/geek/job?query=%E5%B8%B8%E5%B7%9E%E5%8D%8E%E6%83%B3%E4%BA%91%E8%AE%A1%E7%AE%97%E6%9C%89%E9%99%90%E5%85%AC%E5%8F%B8,https://sou.zhaopin.com/?kw=%E5%B8%B8%E5%B7%9E%E5%8D%8E%E6%83%B3%E4%BA%91%E8%AE%A1%E7%AE%97%E6%9C%89%E9%99%90%E5%85%AC%E5%8F%B8,,,,,,
67,常州,常州韵初软件开发有限公司,微型/初创,技术支持工程师（IoT/云平台） / 项目实施/交付工程师（物联网）,262.0,40.0,10万人民币,2025,存续,https://www.zhipin.com/web/geek/job?query=%E5%B8%B8%E5%B7%9E%E9%9F%B5%E5%88%9D%E8%BD%AF%E4%BB%B6%E5%BC%80%E5%8F%91%E6%9C%89%E9%99%90%E5%85%AC%E5%8F%B8,https://sou.zhaopin.com/?kw=%E5%B8%B8%E5%B7%9E%E9%9F%B5%E5%88%9D%E8%BD%AF%E4%BB%B6%E5%BC%80%E5%8F%91%E6%9C%89%E9%99%90%E5%85%AC%E5%8F%B8,,,,,,
68,常州,常州艺数空间软件开发有限公司,微型/初创,技术支持工程师（IoT/云平台） / 项目实施/交付工程师（物联网）,262.0,40.0,10万人民币,2024,存续,https://www.zhipin.com/web/geek/job?query=%E5%B8%B8%E5%B7%9E%E8%89%BA%E6%95%B0%E7%A9%BA%E9%97%B4%E8%BD%AF%E4%BB%B6%E5%BC%80%E5%8F%91%E6%9C%89%E9%99%90%E5%85%AC%E5%8F%B8,https://sou.zhaopin.com/?kw=%E5%B8%B8%E5%B7%9E%E8%89%BA%E6%95%B0%E7%A9%BA%E9%97%B4%E8%BD%AF%E4%BB%B6%E5%BC%80%E5%8F%91%E6%9C%89%E9%99%90%E5%85%AC%E5%8F%B8,,,,,,
69,常州,上海燚智云计算科技有限公司常州分公司,微型/初创,技术支持工程师（IoT/云平台） / 项目实施/交付工程师（物联网）,256.0,45.0,-,2024,在业,https://www.zhipin.com/web/geek/job?query=%E4%B8%8A%E6%B5%B7%E7%87%9A%E6%99%BA%E4%BA%91%E8%AE%A1%E7%AE%97%E7%A7%91%E6%8A%80%E6%9C%89%E9%99%90%E5%85%AC%E5%8F%B8%E5%B8%B8%E5%B7%9E%E5%88%86%E5%85%AC%E5%8F%B8,https://sou.zhaopin.com/?kw=%E4%B8%8A%E6%B5%B7%E7%87%9A%E6%99%BA%E4%BA%91%E8%AE%A1%E7%AE%97%E7%A7%91%E6%8A%80%E6%9C%89%E9%99%90%E5%85%AC%E5%8F%B8%E5%B8%B8%E5%B7%9E%E5%88%86%E5%85%AC%E5%8F%B8,,,,,,
70,常州,常州市红光电能科技股份有限公司,中小集团,技术支持工程师（IoT/云平台） / 项目实施/交付工程师（物联网）,255.0,32.0,4242万人民币,1981,存续,https://www.zhipin.com/web/geek/job?query=%E5%B8%B8%E5%B7%9E%E5%B8%82%E7%BA%A2%E5%85%89%E7%94%B5%E8%83%BD%E7%A7%91%E6%8A%80%E8%82%A1%E4%BB%BD%E6%9C%89%E9%99%90%E5%85%AC%E5%8F%B8,https://sou.zhaopin.com/?kw=%E5%B8%B8%E5%B7%9E%E5%B8%82%E7%BA%A2%E5%85%89%E7%94%B5%E8%83%BD%E7%A7%91%E6%8A%80%E8%82%A1%E4%BB%BD%E6%9C%89%E9%99%90%E5%85%AC%E5%8F%B8,,,,,,
71,常州,上海燚健云计算科技有限公司常州分公司,微型/初创,技术支持工程师（IoT/云平台） / 项目实施/交付工程师（物联网）,254.0,45.0,-,2025,存续,https://www.zhipin.com/web/geek/job?query=%E4%B8%8A%E6%B5%B7%E7%87%9A%E5%81%A5%E4%BA%91%E8%AE%A1%E7%AE%97%E7%A7%91%E6%8A%80%E6%9C%89%E9%99%90%E5%85%AC%E5%8F%B8%E5%B8%B8%E5%B7%9E%E5%88%86%E5%85%AC%E5%8F%B8,https://sou.zhaopin.com/?kw=%E4%B8%8A%E6%B5%B7%E7%87%9A%E5%81%A5%E4%BA%91%E8%AE%A1%E7%AE%97%E7%A7%91%E6%8A%80%E6%9C%89%E9%99%90%E5%85%AC%E5%8F%B8%E5%B8%B8%E5%B7%9E%E5%88%86%E5%85%AC%E5%8F%B8,,,,,,
72,常州,常州市惠昌传感器有限公司,小型民企,技术支持工程师（IoT/云平台） / 项目实施/交付工程师（物联网）,251.0,39.0,280万人民币,2000,在业,https://www.zhipin.com/web/geek/job?query=%E5%B8%B8%E5%B7%9E%E5%B8%82%E6%83%A0%E6%98%8C%E4%BC%A0%E6%84%9F%E5%99%A8%E6%9C%89%E9%99%90%E5%85%AC%E5%8F%B8,https://sou.zhaopin.com/?kw=%E5%B8%B8%E5%B7%9E%E5%B8%82%E6%83%A0%E6%98%8C%E4%BC%A0%E6%84%9F%E5%99%A8%E6%9C%89%E9%99%90%E5%85%AC%E5%8F%B8,,,,,,
73,常州,常州卓飞系统集成有限公司,微型/初创,技术支持工程师（IoT/云平台） / 项目实施/交付工程师（物联网）,244.0,40.0,50万人民币,2024,存续,https://www.zhipin.com/web/geek/job?query=%E5%B8%B8%E5%B7%9E%E5%8D%93%E9%A3%9E%E7%B3%BB%E7%BB%9F%E9%9B%86%E6%88%90%E6%9C%89%E9%99%90%E5%85%AC%E5%8F%B8,https://sou.zhaopin.com/?kw=%E5%B8%B8%E5%B7%9E%E5%8D%93%E9%A3%9E%E7%B3%BB%E7%BB%9F%E9%9B%86%E6%88%90%E6%9C%89%E9%99%90%E5%85%AC%E5%8F%B8,,,,,,
74,常州,常州汇宸云计算有限公司,微型/初创,技术支持工程师（IoT/云平台） / 项目实施/交付工程师（物联网）,239.0,43.0,20万人民币,2026,存续,https://www.zhipin.com/web/geek/job?query=%E5%B8%B8%E5%B7%9E%E6%B1%87%E5%AE%B8%E4%BA%91%E8%AE%A1%E7%AE%97%E6%9C%89%E9%99%90%E5%85%AC%E5%8F%B8,https://sou.zhaopin.com/?kw=%E5%B8%B8%E5%B7%9E%E6%B1%87%E5%AE%B8%E4%BA%91%E8%AE%A1%E7%AE%97%E6%9C%89%E9%99%90%E5%85%AC%E5%8F%B8,,,,,,
75,无锡,无锡开悟人工智能科技有限责任公司,中型民企,技术支持工程师（IoT/云平台） / 项目实施/交付工程师（物联网） / 云平台/DevOps运维工程师,300.0,43.0,1000万人民币,2020,存续,https://www.zhipin.com/web/geek/job?query=%E6%97%A0%E9%94%A1%E5%BC%80%E6%82%9F%E4%BA%BA%E5%B7%A5%E6%99%BA%E8%83%BD%E7%A7%91%E6%8A%80%E6%9C%89%E9%99%90%E8%B4%A3%E4%BB%BB%E5%85%AC%E5%8F%B8,https://sou.zhaopin.com/?kw=%E6%97%A0%E9%94%A1%E5%BC%80%E6%82%9F%E4%BA%BA%E5%B7%A5%E6%99%BA%E8%83%BD%E7%A7%91%E6%8A%80%E6%9C%89%E9%99%90%E8%B4%A3%E4%BB%BB%E5%85%AC%E5%8F%B8,,,,,,
76,无锡,无锡市荣诚软件开发科技有限公司,中型民企,技术支持工程师（IoT/云平台） / 项目实施/交付工程师（物联网） / 云平台/DevOps运维工程师,296.0,42.0,2996万人民币,2008,在业,https://www.zhipin.com/web/geek/job?query=%E6%97%A0%E9%94%A1%E5%B8%82%E8%8D%A3%E8%AF%9A%E8%BD%AF%E4%BB%B6%E5%BC%80%E5%8F%91%E7%A7%91%E6%8A%80%E6%9C%89%E9%99%90%E5%85%AC%E5%8F%B8,https://sou.zhaopin.com/?kw=%E6%97%A0%E9%94%A1%E5%B8%82%E8%8D%A3%E8%AF%9A%E8%BD%AF%E4%BB%B6%E5%BC%80%E5%8F%91%E7%A7%91%E6%8A%80%E6%9C%89%E9%99%90%E5%85%AC%E5%8F%B8,,,,,,
77,无锡,无锡感知物联网信息技术有限公司,中型民企,技术支持工程师（IoT/云平台） / 项目实施/交付工程师（物联网） / 云平台/DevOps运维工程师,276.0,43.0,1000万人民币,2015,存续,https://www.zhipin.com/web/geek/job?query=%E6%97%A0%E9%94%A1%E6%84%9F%E7%9F%A5%E7%89%A9%E8%81%94%E7%BD%91%E4%BF%A1%E6%81%AF%E6%8A%80%E6%9C%AF%E6%9C%89%E9%99%90%E5%85%AC%E5%8F%B8,https://sou.zhaopin.com/?kw=%E6%97%A0%E9%94%A1%E6%84%9F%E7%9F%A5%E7%89%A9%E8%81%94%E7%BD%91%E4%BF%A1%E6%81%AF%E6%8A%80%E6%9C%AF%E6%9C%89%E9%99%90%E5%85%AC%E5%8F%B8,,,,,,
78,无锡,无锡优奇智能科技有限公司,中型民企,技术支持工程师（IoT/云平台） / 项目实施/交付工程师（物联网） / 云平台/DevOps运维工程师,275.0,43.0,3279.2134万人民币,2020,存续,https://www.zhipin.com/web/geek/job?query=%E6%97%A0%E9%94%A1%E4%BC%98%E5%A5%87%E6%99%BA%E8%83%BD%E7%A7%91%E6%8A%80%E6%9C%89%E9%99%90%E5%85%AC%E5%8F%B8,https://sou.zhaopin.com/?kw=%E6%97%A0%E9%94%A1%E4%BC%98%E5%A5%87%E6%99%BA%E8%83%BD%E7%A7%91%E6%8A%80%E6%9C%89%E9%99%90%E5%85%AC%E5%8F%B8,,,,,,
79,无锡,无锡建国智能科技有限公司,中型民企,技术支持工程师（IoT/云平台） / 项目实施/交付工程师（物联网） / 云平台/DevOps运维工程师,275.0,43.0,2080万人民币,2011,存续,https://www.zhipin.com/web/geek/job?query=%E6%97%A0%E9%94%A1%E5%BB%BA%E5%9B%BD%E6%99%BA%E8%83%BD%E7%A7%91%E6%8A%80%E6%9C%89%E9%99%90%E5%85%AC%E5%8F%B8,https://sou.zhaopin.com/?kw=%E6%97%A0%E9%94%A1%E5%BB%BA%E5%9B%BD%E6%99%BA%E8%83%BD%E7%A7%91%E6%8A%80%E6%9C%89%E9%99%90%E5%85%AC%E5%8F%B8,,,,,,
80,无锡,无锡丰瑞软件开发有限公司,小型民企,技术支持工程师（IoT/云平台） / 项目实施/交付工程师（物联网） / 云平台/DevOps运维工程师,272.0,46.0,835万人民币,2020,在业,https://www.zhipin.com/web/geek/job?query=%E6%97%A0%E9%94%A1%E4%B8%B0%E7%91%9E%E8%BD%AF%E4%BB%B6%E5%BC%80%E5%8F%91%E6%9C%89%E9%99%90%E5%85%AC%E5%8F%B8,https://sou.zhaopin.com/?kw=%E6%97%A0%E9%94%A1%E4%B8%B0%E7%91%9E%E8%BD%AF%E4%BB%B6%E5%BC%80%E5%8F%91%E6%9C%89%E9%99%90%E5%85%AC%E5%8F%B8,,,,,,
81,无锡,卓品智能科技无锡股份有限公司,中小集团,技术支持工程师（IoT/云平台） / 项目实施/交付工程师（物联网） / 云平台/DevOps运维工程师,272.0,35.0,1094.4444万人民币,2017,存续,https://www.zhipin.com/web/geek/job?query=%E5%8D%93%E5%93%81%E6%99%BA%E8%83%BD%E7%A7%91%E6%8A%80%E6%97%A0%E9%94%A1%E8%82%A1%E4%BB%BD%E6%9C%89%E9%99%90%E5%85%AC%E5%8F%B8,https://sou.zhaopin.com/?kw=%E5%8D%93%E5%93%81%E6%99%BA%E8%83%BD%E7%A7%91%E6%8A%80%E6%97%A0%E9%94%A1%E8%82%A1%E4%BB%BD%E6%9C%89%E9%99%90%E5%85%AC%E5%8F%B8,,,,,,
82,无锡,无锡云佳和软件开发有限公司,中型民企,技术支持工程师（IoT/云平台） / 项目实施/交付工程师（物联网） / 云平台/DevOps运维工程师,271.0,43.0,3000万人民币,2023,存续,https://www.zhipin.com/web/geek/job?query=%E6%97%A0%E9%94%A1%E4%BA%91%E4%BD%B3%E5%92%8C%E8%BD%AF%E4%BB%B6%E5%BC%80%E5%8F%91%E6%9C%89%E9%99%90%E5%85%AC%E5%8F%B8,https://sou.zhaopin.com/?kw=%E6%97%A0%E9%94%A1%E4%BA%91%E4%BD%B3%E5%92%8C%E8%BD%AF%E4%BB%B6%E5%BC%80%E5%8F%91%E6%9C%89%E9%99%90%E5%85%AC%E5%8F%B8,,,,,,
83,无锡,无锡天云数据中心科技有限公司,中型民企,技术支持工程师（IoT/云平台） / 项目实施/交付工程师（物联网）,270.0,42.0,1000万人民币,2015,在业,https://www.zhipin.com/web/geek/job?query=%E6%97%A0%E9%94%A1%E5%A4%A9%E4%BA%91%E6%95%B0%E6%8D%AE%E4%B8%AD%E5%BF%83%E7%A7%91%E6%8A%80%E6%9C%89%E9%99%90%E5%85%AC%E5%8F%B8,https://sou.zhaopin.com/?kw=%E6%97%A0%E9%94%A1%E5%A4%A9%E4%BA%91%E6%95%B0%E6%8D%AE%E4%B8%AD%E5%BF%83%E7%A7%91%E6%8A%80%E6%9C%89%E9%99%90%E5%85%AC%E5%8F%B8,,,,,,
84,无锡,无锡嗨米威智能科技有限公司,小型民企,技术支持工程师（IoT/云平台） / 项目实施/交付工程师（物联网）,269.0,46.0,500万人民币,2019,存续,https://www.zhipin.com/web/geek/job?query=%E6%97%A0%E9%94%A1%E5%97%A8%E7%B1%B3%E5%A8%81%E6%99%BA%E8%83%BD%E7%A7%91%E6%8A%80%E6%9C%89%E9%99%90%E5%85%AC%E5%8F%B8,https://sou.zhaopin.com/?kw=%E6%97%A0%E9%94%A1%E5%97%A8%E7%B1%B3%E5%A8%81%E6%99%BA%E8%83%BD%E7%A7%91%E6%8A%80%E6%9C%89%E9%99%90%E5%85%AC%E5%8F%B8,,,,,,
85,无锡,无锡砺成智能科技有限公司,小型民企,技术支持工程师（IoT/云平台） / 项目实施/交付工程师（物联网）,269.0,46.0,500万人民币,2018,存续,https://www.zhipin.com/web/geek/job?query=%E6%97%A0%E9%94%A1%E7%A0%BA%E6%88%90%E6%99%BA%E8%83%BD%E7%A7%91%E6%8A%80%E6%9C%89%E9%99%90%E5%85%AC%E5%8F%B8,https://sou.zhaopin.com/?kw=%E6%97%A0%E9%94%A1%E7%A0%BA%E6%88%90%E6%99%BA%E8%83%BD%E7%A7%91%E6%8A%80%E6%9C%89%E9%99%90%E5%85%AC%E5%8F%B8,,,,,,
86,无锡,无锡力烨智能科技有限公司,小型民企,技术支持工程师（IoT/云平台） / 项目实施/交付工程师（物联网）,266.0,49.0,300万人民币,2020,存续,https://www.zhipin.com/web/geek/job?query=%E6%97%A0%E9%94%A1%E5%8A%9B%E7%83%A8%E6%99%BA%E8%83%BD%E7%A7%91%E6%8A%80%E6%9C%89%E9%99%90%E5%85%AC%E5%8F%B8,https://sou.zhaopin.com/?kw=%E6%97%A0%E9%94%A1%E5%8A%9B%E7%83%A8%E6%99%BA%E8%83%BD%E7%A7%91%E6%8A%80%E6%9C%89%E9%99%90%E5%85%AC%E5%8F%B8,,,,,,
87,无锡,无锡安可力智能科技有限公司,小型民企,技术支持工程师（IoT/云平台） / 项目实施/交付工程师（物联网）,266.0,43.0,500万人民币,2017,存续,https://www.zhipin.com/web/geek/job?query=%E6%97%A0%E9%94%A1%E5%AE%89%E5%8F%AF%E5%8A%9B%E6%99%BA%E8%83%BD%E7%A7%91%E6%8A%80%E6%9C%89%E9%99%90%E5%85%AC%E5%8F%B8,https://sou.zhaopin.com/?kw=%E6%97%A0%E9%94%A1%E5%AE%89%E5%8F%AF%E5%8A%9B%E6%99%BA%E8%83%BD%E7%A7%91%E6%8A%80%E6%9C%89%E9%99%90%E5%85%AC%E5%8F%B8,,,,,,
88,无锡,无锡昆特云计算科技有限公司,中型民企,技术支持工程师（IoT/云平台） / 项目实施/交付工程师（物联网）,265.0,43.0,1000万人民币,2023,在业,https://www.zhipin.com/web/geek/job?query=%E6%97%A0%E9%94%A1%E6%98%86%E7%89%B9%E4%BA%91%E8%AE%A1%E7%AE%97%E7%A7%91%E6%8A%80%E6%9C%89%E9%99%90%E5%85%AC%E5%8F%B8,https://sou.zhaopin.com/?kw=%E6%97%A0%E9%94%A1%E6%98%86%E7%89%B9%E4%BA%91%E8%AE%A1%E7%AE%97%E7%A7%91%E6%8A%80%E6%9C%89%E9%99%90%E5%85%AC%E5%8F%B8,,,,,,
89,无锡,无锡信立智能科技有限公司,小型民企,技术支持工程师（IoT/云平台） / 项目实施/交付工程师（物联网）,263.0,49.0,200万人民币,2023,在业,https://www.zhipin.com/web/geek/job?query=%E6%97%A0%E9%94%A1%E4%BF%A1%E7%AB%8B%E6%99%BA%E8%83%BD%E7%A7%91%E6%8A%80%E6%9C%89%E9%99%90%E5%85%AC%E5%8F%B8,https://sou.zhaopin.com/?kw=%E6%97%A0%E9%94%A1%E4%BF%A1%E7%AB%8B%E6%99%BA%E8%83%BD%E7%A7%91%E6%8A%80%E6%9C%89%E9%99%90%E5%85%AC%E5%8F%B8,,,,,,
90,无锡,无锡璟成系统集成科技有限公司,小型民企,技术支持工程师（IoT/云平台） / 项目实施/交付工程师（物联网）,262.0,49.0,100万人民币,2022,存续,https://www.zhipin.com/web/geek/job?query=%E6%97%A0%E9%94%A1%E7%92%9F%E6%88%90%E7%B3%BB%E7%BB%9F%E9%9B%86%E6%88%90%E7%A7%91%E6%8A%80%E6%9C%89%E9%99%90%E5%85%AC%E5%8F%B8,https://sou.zhaopin.com/?kw=%E6%97%A0%E9%94%A1%E7%92%9F%E6%88%90%E7%B3%BB%E7%BB%9F%E9%9B%86%E6%88%90%E7%A7%91%E6%8A%80%E6%9C%89%E9%99%90%E5%85%AC%E5%8F%B8,,,,,,
91,无锡,无锡睿控物联网科技有限公司,小型民企,技术支持工程师（IoT/云平台） / 项目实施/交付工程师（物联网）,261.0,43.0,500万人民币,2015,在业,https://www.zhipin.com/web/geek/job?query=%E6%97%A0%E9%94%A1%E7%9D%BF%E6%8E%A7%E7%89%A9%E8%81%94%E7%BD%91%E7%A7%91%E6%8A%80%E6%9C%89%E9%99%90%E5%85%AC%E5%8F%B8,https://sou.zhaopin.com/?kw=%E6%97%A0%E9%94%A1%E7%9D%BF%E6%8E%A7%E7%89%A9%E8%81%94%E7%BD%91%E7%A7%91%E6%8A%80%E6%9C%89%E9%99%90%E5%85%AC%E5%8F%B8,,,,,,
92,无锡,无锡市辰阳软件开发有限公司,小型民企,技术支持工程师（IoT/云平台） / 项目实施/交付工程师（物联网）,261.0,41.0,200万人民币,2011,存续,https://www.zhipin.com/web/geek/job?query=%E6%97%A0%E9%94%A1%E5%B8%82%E8%BE%B0%E9%98%B3%E8%BD%AF%E4%BB%B6%E5%BC%80%E5%8F%91%E6%9C%89%E9%99%90%E5%85%AC%E5%8F%B8,https://sou.zhaopin.com/?kw=%E6%97%A0%E9%94%A1%E5%B8%82%E8%BE%B0%E9%98%B3%E8%BD%AF%E4%BB%B6%E5%BC%80%E5%8F%91%E6%9C%89%E9%99%90%E5%85%AC%E5%8F%B8,,,,,,
93,无锡,无锡楚为盈软件开发有限责任公司,微型/初创,技术支持工程师（IoT/云平台） / 项目实施/交付工程师（物联网）,259.0,49.0,50万人民币,2020,存续,https://www.zhipin.com/web/geek/job?query=%E6%97%A0%E9%94%A1%E6%A5%9A%E4%B8%BA%E7%9B%88%E8%BD%AF%E4%BB%B6%E5%BC%80%E5%8F%91%E6%9C%89%E9%99%90%E8%B4%A3%E4%BB%BB%E5%85%AC%E5%8F%B8,https://sou.zhaopin.com/?kw=%E6%97%A0%E9%94%A1%E6%A5%9A%E4%B8%BA%E7%9B%88%E8%BD%AF%E4%BB%B6%E5%BC%80%E5%8F%91%E6%9C%89%E9%99%90%E8%B4%A3%E4%BB%BB%E5%85%AC%E5%8F%B8,,,,,,
94,无锡,无锡天博云计算科技有限公司,小型民企,技术支持工程师（IoT/云平台） / 项目实施/交付工程师（物联网）,259.0,46.0,200万人民币,2016,在业,https://www.zhipin.com/web/geek/job?query=%E6%97%A0%E9%94%A1%E5%A4%A9%E5%8D%9A%E4%BA%91%E8%AE%A1%E7%AE%97%E7%A7%91%E6%8A%80%E6%9C%89%E9%99%90%E5%85%AC%E5%8F%B8,https://sou.zhaopin.com/?kw=%E6%97%A0%E9%94%A1%E5%A4%A9%E5%8D%9A%E4%BA%91%E8%AE%A1%E7%AE%97%E7%A7%91%E6%8A%80%E6%9C%89%E9%99%90%E5%85%AC%E5%8F%B8,,,,,,
95,无锡,无锡云车物联网科技有限公司,小型民企,技术支持工程师（IoT/云平台） / 项目实施/交付工程师（物联网）,259.0,43.0,500万人民币,2014,存续,https://www.zhipin.com/web/geek/job?query=%E6%97%A0%E9%94%A1%E4%BA%91%E8%BD%A6%E7%89%A9%E8%81%94%E7%BD%91%E7%A7%91%E6%8A%80%E6%9C%89%E9%99%90%E5%85%AC%E5%8F%B8,https://sou.zhaopin.com/?kw=%E6%97%A0%E9%94%A1%E4%BA%91%E8%BD%A6%E7%89%A9%E8%81%94%E7%BD%91%E7%A7%91%E6%8A%80%E6%9C%89%E9%99%90%E5%85%AC%E5%8F%B8,,,,,,
96,无锡,无锡市太湖云计算平台服务有限公司,中型民企,技术支持工程师（IoT/云平台） / 项目实施/交付工程师（物联网）,258.0,43.0,1000万人民币,2008,存续,https://www.zhipin.com/web/geek/job?query=%E6%97%A0%E9%94%A1%E5%B8%82%E5%A4%AA%E6%B9%96%E4%BA%91%E8%AE%A1%E7%AE%97%E5%B9%B3%E5%8F%B0%E6%9C%8D%E5%8A%A1%E6%9C%89%E9%99%90%E5%85%AC%E5%8F%B8,https://sou.zhaopin.com/?kw=%E6%97%A0%E9%94%A1%E5%B8%82%E5%A4%AA%E6%B9%96%E4%BA%91%E8%AE%A1%E7%AE%97%E5%B9%B3%E5%8F%B0%E6%9C%8D%E5%8A%A1%E6%9C%89%E9%99%90%E5%85%AC%E5%8F%B8,,,,,,
97,无锡,无锡安腾软件开发有限公司,小型民企,技术支持工程师（IoT/云平台） / 项目实施/交付工程师（物联网）,257.0,36.0,500万人民币,2005,存续,https://www.zhipin.com/web/geek/job?query=%E6%97%A0%E9%94%A1%E5%AE%89%E8%85%BE%E8%BD%AF%E4%BB%B6%E5%BC%80%E5%8F%91%E6%9C%89%E9%99%90%E5%85%AC%E5%8F%B8,https://sou.zhaopin.com/?kw=%E6%97%A0%E9%94%A1%E5%AE%89%E8%85%BE%E8%BD%AF%E4%BB%B6%E5%BC%80%E5%8F%91%E6%9C%89%E9%99%90%E5%85%AC%E5%8F%B8,,,,,,
98,无锡,无锡和风系统集成有限公司,中型民企,技术支持工程师（IoT/云平台） / 项目实施/交付工程师（物联网）,256.0,40.0,1000万人民币,2011,存续,https://www.zhipin.com/web/geek/job?query=%E6%97%A0%E9%94%A1%E5%92%8C%E9%A3%8E%E7%B3%BB%E7%BB%9F%E9%9B%86%E6%88%90%E6%9C%89%E9%99%90%E5%85%AC%E5%8F%B8,https://sou.zhaopin.com/?kw=%E6%97%A0%E9%94%A1%E5%92%8C%E9%A3%8E%E7%B3%BB%E7%BB%9F%E9%9B%86%E6%88%90%E6%9C%89%E9%99%90%E5%85%AC%E5%8F%B8,,,,,,
99,无锡,无锡畅旭系统集成有限公司,小型民企,技术支持工程师（IoT/云平台） / 项目实施/交付工程师（物联网）,254.0,46.0,500万人民币,2018,在业,https://www.zhipin.com/web/geek/job?query=%E6%97%A0%E9%94%A1%E7%95%85%E6%97%AD%E7%B3%BB%E7%BB%9F%E9%9B%86%E6%88%90%E6%9C%89%E9%99%90%E5%85%AC%E5%8F%B8,https://sou.zhaopin.com/?kw=%E6%97%A0%E9%94%A1%E7%95%85%E6%97%AD%E7%B3%BB%E7%BB%9F%E9%9B%86%E6%88%90%E6%9C%89%E9%99%90%E5%85%AC%E5%8F%B8,,,,,,
100,无锡,无锡庚运智能科技有限公司,微型/初创,技术支持工程师（IoT/云平台） / 项目实施/交付工程师（物联网）,253.0,49.0,50万人民币,2022,存续,https://www.zhipin.com/web/geek/job?query=%E6%97%A0%E9%94%A1%E5%BA%9A%E8%BF%90%E6%99%BA%E8%83%BD%E7%A7%91%E6%8A%80%E6%9C%89%E9%99%90%E5%85%AC%E5%8F%B8,https://sou.zhaopin.com/?kw=%E6%97%A0%E9%94%A1%E5%BA%9A%E8%BF%90%E6%99%BA%E8%83%BD%E7%A7%91%E6%8A%80%E6%9C%89%E9%99%90%E5%85%AC%E5%8F%B8,,,,,,
101,无锡,无锡星耀红科软件开发有限公司,微型/初创,技术支持工程师（IoT/云平台） / 项目实施/交付工程师（物联网）,252.0,41.0,10万人民币,2009,存续,https://www.zhipin.com/web/geek/job?query=%E6%97%A0%E9%94%A1%E6%98%9F%E8%80%80%E7%BA%A2%E7%A7%91%E8%BD%AF%E4%BB%B6%E5%BC%80%E5%8F%91%E6%9C%89%E9%99%90%E5%85%AC%E5%8F%B8,https://sou.zhaopin.com/?kw=%E6%97%A0%E9%94%A1%E6%98%9F%E8%80%80%E7%BA%A2%E7%A7%91%E8%BD%AF%E4%BB%B6%E5%BC%80%E5%8F%91%E6%9C%89%E9%99%90%E5%85%AC%E5%8F%B8,,,,,,
102,无锡,无锡中叶软件开发有限公司,微型/初创,技术支持工程师（IoT/云平台） / 项目实施/交付工程师（物联网）,252.0,41.0,50万人民币,2011,存续,https://www.zhipin.com/web/geek/job?query=%E6%97%A0%E9%94%A1%E4%B8%AD%E5%8F%B6%E8%BD%AF%E4%BB%B6%E5%BC%80%E5%8F%91%E6%9C%89%E9%99%90%E5%85%AC%E5%8F%B8,https://sou.zhaopin.com/?kw=%E6%97%A0%E9%94%A1%E4%B8%AD%E5%8F%B6%E8%BD%AF%E4%BB%B6%E5%BC%80%E5%8F%91%E6%9C%89%E9%99%90%E5%85%AC%E5%8F%B8,,,,,,
103,无锡,无锡市含弘系统集成有限公司,小型民企,技术支持工程师（IoT/云平台） / 项目实施/交付工程师（物联网）,251.0,49.0,100万人民币,2019,在业,https://www.zhipin.com/web/geek/job?query=%E6%97%A0%E9%94%A1%E5%B8%82%E5%90%AB%E5%BC%98%E7%B3%BB%E7%BB%9F%E9%9B%86%E6%88%90%E6%9C%89%E9%99%90%E5%85%AC%E5%8F%B8,https://sou.zhaopin.com/?kw=%E6%97%A0%E9%94%A1%E5%B8%82%E5%90%AB%E5%BC%98%E7%B3%BB%E7%BB%9F%E9%9B%86%E6%88%90%E6%9C%89%E9%99%90%E5%85%AC%E5%8F%B8,,,,,,
104,无锡,无锡城市云计算中心有限公司,中型民企,技术支持工程师（IoT/云平台） / 项目实施/交付工程师（物联网）,250.0,43.0,1000万人民币,2011,存续,https://www.zhipin.com/web/geek/job?query=%E6%97%A0%E9%94%A1%E5%9F%8E%E5%B8%82%E4%BA%91%E8%AE%A1%E7%AE%97%E4%B8%AD%E5%BF%83%E6%9C%89%E9%99%90%E5%85%AC%E5%8F%B8,https://sou.zhaopin.com/?kw=%E6%97%A0%E9%94%A1%E5%9F%8E%E5%B8%82%E4%BA%91%E8%AE%A1%E7%AE%97%E4%B8%AD%E5%BF%83%E6%9C%89%E9%99%90%E5%85%AC%E5%8F%B8,,,,,,
105,无锡,无锡宇玖系统集成有限公司,中型民企,技术支持工程师（IoT/云平台） / 项目实施/交付工程师（物联网）,250.0,42.0,1000万人民币,2025,在业,https://www.zhipin.com/web/geek/job?query=%E6%97%A0%E9%94%A1%E5%AE%87%E7%8E%96%E7%B3%BB%E7%BB%9F%E9%9B%86%E6%88%90%E6%9C%89%E9%99%90%E5%85%AC%E5%8F%B8,https://sou.zhaopin.com/?kw=%E6%97%A0%E9%94%A1%E5%AE%87%E7%8E%96%E7%B3%BB%E7%BB%9F%E9%9B%86%E6%88%90%E6%9C%89%E9%99%90%E5%85%AC%E5%8F%B8,,,,,,
106,无锡,无锡视维软件开发有限公司,小型民企,技术支持工程师（IoT/云平台） / 项目实施/交付工程师（物联网）,250.0,40.0,100万人民币,2026,存续,https://www.zhipin.com/web/geek/job?query=%E6%97%A0%E9%94%A1%E8%A7%86%E7%BB%B4%E8%BD%AF%E4%BB%B6%E5%BC%80%E5%8F%91%E6%9C%89%E9%99%90%E5%85%AC%E5%8F%B8,https://sou.zhaopin.com/?kw=%E6%97%A0%E9%94%A1%E8%A7%86%E7%BB%B4%E8%BD%AF%E4%BB%B6%E5%BC%80%E5%8F%91%E6%9C%89%E9%99%90%E5%85%AC%E5%8F%B8,,,,,,
107,无锡,无锡坤石软件开发有限公司,小型民企,技术支持工程师（IoT/云平台） / 项目实施/交付工程师（物联网）,250.0,40.0,100万人民币,2025,存续,https://www.zhipin.com/web/geek/job?query=%E6%97%A0%E9%94%A1%E5%9D%A4%E7%9F%B3%E8%BD%AF%E4%BB%B6%E5%BC%80%E5%8F%91%E6%9C%89%E9%99%90%E5%85%AC%E5%8F%B8,https://sou.zhaopin.com/?kw=%E6%97%A0%E9%94%A1%E5%9D%A4%E7%9F%B3%E8%BD%AF%E4%BB%B6%E5%BC%80%E5%8F%91%E6%9C%89%E9%99%90%E5%85%AC%E5%8F%B8,,,,,,
108,无锡,无锡澄云蔚蓝系统集成有限公司,小型民企,技术支持工程师（IoT/云平台） / 项目实施/交付工程师（物联网）,247.0,46.0,600万人民币,2022,存续,https://www.zhipin.com/web/geek/job?query=%E6%97%A0%E9%94%A1%E6%BE%84%E4%BA%91%E8%94%9A%E8%93%9D%E7%B3%BB%E7%BB%9F%E9%9B%86%E6%88%90%E6%9C%89%E9%99%90%E5%85%AC%E5%8F%B8,https://sou.zhaopin.com/?kw=%E6%97%A0%E9%94%A1%E6%BE%84%E4%BA%91%E8%94%9A%E8%93%9D%E7%B3%BB%E7%BB%9F%E9%9B%86%E6%88%90%E6%9C%89%E9%99%90%E5%85%AC%E5%8F%B8,,,,,,
109,无锡,无锡领健科技股份有限公司,中小集团,技术支持工程师（IoT/云平台） / 项目实施/交付工程师（物联网）,246.0,34.0,2526.7325万人民币,2015,存续,https://www.zhipin.com/web/geek/job?query=%E6%97%A0%E9%94%A1%E9%A2%86%E5%81%A5%E7%A7%91%E6%8A%80%E8%82%A1%E4%BB%BD%E6%9C%89%E9%99%90%E5%85%AC%E5%8F%B8,https://sou.zhaopin.com/?kw=%E6%97%A0%E9%94%A1%E9%A2%86%E5%81%A5%E7%A7%91%E6%8A%80%E8%82%A1%E4%BB%BD%E6%9C%89%E9%99%90%E5%85%AC%E5%8F%B8,,,,,,
110,无锡,无锡东研系统集成有限公司,小型民企,技术支持工程师（IoT/云平台） / 项目实施/交付工程师（物联网）,245.0,41.0,100万人民币,2008,在业,https://www.zhipin.com/web/geek/job?query=%E6%97%A0%E9%94%A1%E4%B8%9C%E7%A0%94%E7%B3%BB%E7%BB%9F%E9%9B%86%E6%88%90%E6%9C%89%E9%99%90%E5%85%AC%E5%8F%B8,https://sou.zhaopin.com/?kw=%E6%97%A0%E9%94%A1%E4%B8%9C%E7%A0%94%E7%B3%BB%E7%BB%9F%E9%9B%86%E6%88%90%E6%9C%89%E9%99%90%E5%85%AC%E5%8F%B8,,,,,,
111,无锡,无锡数禾系统集成有限公司,小型民企,技术支持工程师（IoT/云平台） / 项目实施/交付工程师（物联网）,244.0,49.0,100万人民币,2023,存续,https://www.zhipin.com/web/geek/job?query=%E6%97%A0%E9%94%A1%E6%95%B0%E7%A6%BE%E7%B3%BB%E7%BB%9F%E9%9B%86%E6%88%90%E6%9C%89%E9%99%90%E5%85%AC%E5%8F%B8,https://sou.zhaopin.com/?kw=%E6%97%A0%E9%94%A1%E6%95%B0%E7%A6%BE%E7%B3%BB%E7%BB%9F%E9%9B%86%E6%88%90%E6%9C%89%E9%99%90%E5%85%AC%E5%8F%B8,,,,,,
112,无锡,无锡市网景计算机系统集成有限公司,小型民企,技术支持工程师（IoT/云平台） / 项目实施/交付工程师（物联网）,244.0,39.0,320万人民币,2003,存续,https://www.zhipin.com/web/geek/job?query=%E6%97%A0%E9%94%A1%E5%B8%82%E7%BD%91%E6%99%AF%E8%AE%A1%E7%AE%97%E6%9C%BA%E7%B3%BB%E7%BB%9F%E9%9B%86%E6%88%90%E6%9C%89%E9%99%90%E5%85%AC%E5%8F%B8,https://sou.zhaopin.com/?kw=%E6%97%A0%E9%94%A1%E5%B8%82%E7%BD%91%E6%99%AF%E8%AE%A1%E7%AE%97%E6%9C%BA%E7%B3%BB%E7%BB%9F%E9%9B%86%E6%88%90%E6%9C%89%E9%99%90%E5%85%AC%E5%8F%B8,,,,,,
113,无锡,无锡祥铭系统集成有限公司,小型民企,技术支持工程师（IoT/云平台） / 项目实施/交付工程师（物联网）,243.0,41.0,100万人民币,2012,存续,https://www.zhipin.com/web/geek/job?query=%E6%97%A0%E9%94%A1%E7%A5%A5%E9%93%AD%E7%B3%BB%E7%BB%9F%E9%9B%86%E6%88%90%E6%9C%89%E9%99%90%E5%85%AC%E5%8F%B8,https://sou.zhaopin.com/?kw=%E6%97%A0%E9%94%A1%E7%A5%A5%E9%93%AD%E7%B3%BB%E7%BB%9F%E9%9B%86%E6%88%90%E6%9C%89%E9%99%90%E5%85%AC%E5%8F%B8,,,,,,
114,无锡,无锡腾航系统集成有限公司,小型民企,技术支持工程师（IoT/云平台） / 项目实施/交付工程师（物联网）,243.0,41.0,100万人民币,2014,存续,https://www.zhipin.com/web/geek/job?query=%E6%97%A0%E9%94%A1%E8%85%BE%E8%88%AA%E7%B3%BB%E7%BB%9F%E9%9B%86%E6%88%90%E6%9C%89%E9%99%90%E5%85%AC%E5%8F%B8,https://sou.zhaopin.com/?kw=%E6%97%A0%E9%94%A1%E8%85%BE%E8%88%AA%E7%B3%BB%E7%BB%9F%E9%9B%86%E6%88%90%E6%9C%89%E9%99%90%E5%85%AC%E5%8F%B8,,,,,,
115,无锡,无锡灿鸿软件开发有限公司,微型/初创,技术支持工程师（IoT/云平台） / 项目实施/交付工程师（物联网）,242.0,40.0,10万人民币,2024,存续,https://www.zhipin.com/web/geek/job?query=%E6%97%A0%E9%94%A1%E7%81%BF%E9%B8%BF%E8%BD%AF%E4%BB%B6%E5%BC%80%E5%8F%91%E6%9C%89%E9%99%90%E5%85%AC%E5%8F%B8,https://sou.zhaopin.com/?kw=%E6%97%A0%E9%94%A1%E7%81%BF%E9%B8%BF%E8%BD%AF%E4%BB%B6%E5%BC%80%E5%8F%91%E6%9C%89%E9%99%90%E5%85%AC%E5%8F%B8,,,,,,
116,无锡,无锡贝森软件开发有限公司,微型/初创,技术支持工程师（IoT/云平台） / 项目实施/交付工程师（物联网）,242.0,40.0,20万人民币,2025,存续,https://www.zhipin.com/web/geek/job?query=%E6%97%A0%E9%94%A1%E8%B4%9D%E6%A3%AE%E8%BD%AF%E4%BB%B6%E5%BC%80%E5%8F%91%E6%9C%89%E9%99%90%E5%85%AC%E5%8F%B8,https://sou.zhaopin.com/?kw=%E6%97%A0%E9%94%A1%E8%B4%9D%E6%A3%AE%E8%BD%AF%E4%BB%B6%E5%BC%80%E5%8F%91%E6%9C%89%E9%99%90%E5%85%AC%E5%8F%B8,,,,,,
117,无锡,中科怡海云计算无锡有限公司,小型民企,技术支持工程师（IoT/云平台） / 项目实施/交付工程师（物联网）,241.0,49.0,201万人民币,2020,存续,https://www.zhipin.com/web/geek/job?query=%E4%B8%AD%E7%A7%91%E6%80%A1%E6%B5%B7%E4%BA%91%E8%AE%A1%E7%AE%97%E6%97%A0%E9%94%A1%E6%9C%89%E9%99%90%E5%85%AC%E5%8F%B8,https://sou.zhaopin.com/?kw=%E4%B8%AD%E7%A7%91%E6%80%A1%E6%B5%B7%E4%BA%91%E8%AE%A1%E7%AE%97%E6%97%A0%E9%94%A1%E6%9C%89%E9%99%90%E5%85%AC%E5%8F%B8,,,,,,
118,苏州,苏州星克人工智能科技有限公司,中型民企,技术支持工程师（IoT/云平台） / 项目实施/交付工程师（物联网） / 云平台/DevOps运维工程师,286.0,43.0,1000万人民币,2019,存续,https://www.zhipin.com/web/geek/job?query=%E8%8B%8F%E5%B7%9E%E6%98%9F%E5%85%8B%E4%BA%BA%E5%B7%A5%E6%99%BA%E8%83%BD%E7%A7%91%E6%8A%80%E6%9C%89%E9%99%90%E5%85%AC%E5%8F%B8,https://sou.zhaopin.com/?kw=%E8%8B%8F%E5%B7%9E%E6%98%9F%E5%85%8B%E4%BA%BA%E5%B7%A5%E6%99%BA%E8%83%BD%E7%A7%91%E6%8A%80%E6%9C%89%E9%99%90%E5%85%AC%E5%8F%B8,,,,,,
119,苏州,苏州兄弟能仁人工智能科技有限公司,中型民企,技术支持工程师（IoT/云平台） / 项目实施/交付工程师（物联网） / 云平台/DevOps运维工程师,286.0,43.0,1000万人民币,2010,存续,https://www.zhipin.com/web/geek/job?query=%E8%8B%8F%E5%B7%9E%E5%85%84%E5%BC%9F%E8%83%BD%E4%BB%81%E4%BA%BA%E5%B7%A5%E6%99%BA%E8%83%BD%E7%A7%91%E6%8A%80%E6%9C%89%E9%99%90%E5%85%AC%E5%8F%B8,https://sou.zhaopin.com/?kw=%E8%8B%8F%E5%B7%9E%E5%85%84%E5%BC%9F%E8%83%BD%E4%BB%81%E4%BA%BA%E5%B7%A5%E6%99%BA%E8%83%BD%E7%A7%91%E6%8A%80%E6%9C%89%E9%99%90%E5%85%AC%E5%8F%B8,,,,,,
120,苏州,苏州同企人工智能科技有限公司,小型民企,技术支持工程师（IoT/云平台） / 项目实施/交付工程师（物联网） / 云平台/DevOps运维工程师,280.0,46.0,555.55万人民币,2019,存续,https://www.zhipin.com/web/geek/job?query=%E8%8B%8F%E5%B7%9E%E5%90%8C%E4%BC%81%E4%BA%BA%E5%B7%A5%E6%99%BA%E8%83%BD%E7%A7%91%E6%8A%80%E6%9C%89%E9%99%90%E5%85%AC%E5%8F%B8,https://sou.zhaopin.com/?kw=%E8%8B%8F%E5%B7%9E%E5%90%8C%E4%BC%81%E4%BA%BA%E5%B7%A5%E6%99%BA%E8%83%BD%E7%A7%91%E6%8A%80%E6%9C%89%E9%99%90%E5%85%AC%E5%8F%B8,,,,,,
121,苏州,苏州真目人工智能科技有限公司,小型民企,技术支持工程师（IoT/云平台） / 项目实施/交付工程师（物联网） / 云平台/DevOps运维工程师,280.0,46.0,500万人民币,2019,存续,https://www.zhipin.com/web/geek/job?query=%E8%8B%8F%E5%B7%9E%E7%9C%9F%E7%9B%AE%E4%BA%BA%E5%B7%A5%E6%99%BA%E8%83%BD%E7%A7%91%E6%8A%80%E6%9C%89%E9%99%90%E5%85%AC%E5%8F%B8,https://sou.zhaopin.com/?kw=%E8%8B%8F%E5%B7%9E%E7%9C%9F%E7%9B%AE%E4%BA%BA%E5%B7%A5%E6%99%BA%E8%83%BD%E7%A7%91%E6%8A%80%E6%9C%89%E9%99%90%E5%85%AC%E5%8F%B8,,,,,,
122,苏州,苏州中科迪宏人工智能科技有限公司,小型民企,技术支持工程师（IoT/云平台） / 项目实施/交付工程师（物联网） / 云平台/DevOps运维工程师,280.0,46.0,900万人民币,2021,存续,https://www.zhipin.com/web/geek/job?query=%E8%8B%8F%E5%B7%9E%E4%B8%AD%E7%A7%91%E8%BF%AA%E5%AE%8F%E4%BA%BA%E5%B7%A5%E6%99%BA%E8%83%BD%E7%A7%91%E6%8A%80%E6%9C%89%E9%99%90%E5%85%AC%E5%8F%B8,https://sou.zhaopin.com/?kw=%E8%8B%8F%E5%B7%9E%E4%B8%AD%E7%A7%91%E8%BF%AA%E5%AE%8F%E4%BA%BA%E5%B7%A5%E6%99%BA%E8%83%BD%E7%A7%91%E6%8A%80%E6%9C%89%E9%99%90%E5%85%AC%E5%8F%B8,,,,,,
123,苏州,苏州汇成软件开发科技有限公司,中型民企,技术支持工程师（IoT/云平台） / 项目实施/交付工程师（物联网） / 云平台/DevOps运维工程师,280.0,43.0,1800万人民币,2021,存续,https://www.zhipin.com/web/geek/job?query=%E8%8B%8F%E5%B7%9E%E6%B1%87%E6%88%90%E8%BD%AF%E4%BB%B6%E5%BC%80%E5%8F%91%E7%A7%91%E6%8A%80%E6%9C%89%E9%99%90%E5%85%AC%E5%8F%B8,https://sou.zhaopin.com/?kw=%E8%8B%8F%E5%B7%9E%E6%B1%87%E6%88%90%E8%BD%AF%E4%BB%B6%E5%BC%80%E5%8F%91%E7%A7%91%E6%8A%80%E6%9C%89%E9%99%90%E5%85%AC%E5%8F%B8,,,,,,
124,苏州,苏州深思考人工智能科技有限公司,小型民企,技术支持工程师（IoT/云平台） / 项目实施/交付工程师（物联网） / 云平台/DevOps运维工程师,279.0,49.0,100万人民币,2018,在业,https://www.zhipin.com/web/geek/job?query=%E8%8B%8F%E5%B7%9E%E6%B7%B1%E6%80%9D%E8%80%83%E4%BA%BA%E5%B7%A5%E6%99%BA%E8%83%BD%E7%A7%91%E6%8A%80%E6%9C%89%E9%99%90%E5%85%AC%E5%8F%B8,https://sou.zhaopin.com/?kw=%E8%8B%8F%E5%B7%9E%E6%B7%B1%E6%80%9D%E8%80%83%E4%BA%BA%E5%B7%A5%E6%99%BA%E8%83%BD%E7%A7%91%E6%8A%80%E6%9C%89%E9%99%90%E5%85%AC%E5%8F%B8,,,,,,
125,苏州,苏州微旭人工智能科技有限公司,小型民企,技术支持工程师（IoT/云平台） / 项目实施/交付工程师（物联网） / 云平台/DevOps运维工程师,275.0,46.0,500万人民币,2023,存续,https://www.zhipin.com/web/geek/job?query=%E8%8B%8F%E5%B7%9E%E5%BE%AE%E6%97%AD%E4%BA%BA%E5%B7%A5%E6%99%BA%E8%83%BD%E7%A7%91%E6%8A%80%E6%9C%89%E9%99%90%E5%85%AC%E5%8F%B8,https://sou.zhaopin.com/?kw=%E8%8B%8F%E5%B7%9E%E5%BE%AE%E6%97%AD%E4%BA%BA%E5%B7%A5%E6%99%BA%E8%83%BD%E7%A7%91%E6%8A%80%E6%9C%89%E9%99%90%E5%85%AC%E5%8F%B8,,,,,,
126,苏州,苏州海赛人工智能有限公司,中型民企,技术支持工程师（IoT/云平台） / 项目实施/交付工程师（物联网）,268.0,43.0,2501万人民币,2017,存续,https://www.zhipin.com/web/geek/job?query=%E8%8B%8F%E5%B7%9E%E6%B5%B7%E8%B5%9B%E4%BA%BA%E5%B7%A5%E6%99%BA%E8%83%BD%E6%9C%89%E9%99%90%E5%85%AC%E5%8F%B8,https://sou.zhaopin.com/?kw=%E8%8B%8F%E5%B7%9E%E6%B5%B7%E8%B5%9B%E4%BA%BA%E5%B7%A5%E6%99%BA%E8%83%BD%E6%9C%89%E9%99%90%E5%85%AC%E5%8F%B8,,,,,,
127,苏州,苏州卓米智能制造科技有限公司,小型民企,技术支持工程师（IoT/云平台） / 项目实施/交付工程师（物联网）,265.0,46.0,669.6898万人民币,2018,在业,https://www.zhipin.com/web/geek/job?query=%E8%8B%8F%E5%B7%9E%E5%8D%93%E7%B1%B3%E6%99%BA%E8%83%BD%E5%88%B6%E9%80%A0%E7%A7%91%E6%8A%80%E6%9C%89%E9%99%90%E5%85%AC%E5%8F%B8,https://sou.zhaopin.com/?kw=%E8%8B%8F%E5%B7%9E%E5%8D%93%E7%B1%B3%E6%99%BA%E8%83%BD%E5%88%B6%E9%80%A0%E7%A7%91%E6%8A%80%E6%9C%89%E9%99%90%E5%85%AC%E5%8F%B8,,,,,,
128,苏州,苏州市人工智能有限公司,中型民企,技术支持工程师（IoT/云平台） / 项目实施/交付工程师（物联网）,263.0,43.0,1000万人民币,2023,存续,https://www.zhipin.com/web/geek/job?query=%E8%8B%8F%E5%B7%9E%E5%B8%82%E4%BA%BA%E5%B7%A5%E6%99%BA%E8%83%BD%E6%9C%89%E9%99%90%E5%85%AC%E5%8F%B8,https://sou.zhaopin.com/?kw=%E8%8B%8F%E5%B7%9E%E5%B8%82%E4%BA%BA%E5%B7%A5%E6%99%BA%E8%83%BD%E6%9C%89%E9%99%90%E5%85%AC%E5%8F%B8,,,,,,
129,苏州,苏州奇岩网络系统集成有限公司,中型民企,技术支持工程师（IoT/云平台） / 项目实施/交付工程师（物联网）,262.0,43.0,2000万人民币,2018,存续,https://www.zhipin.com/web/geek/job?query=%E8%8B%8F%E5%B7%9E%E5%A5%87%E5%B2%A9%E7%BD%91%E7%BB%9C%E7%B3%BB%E7%BB%9F%E9%9B%86%E6%88%90%E6%9C%89%E9%99%90%E5%85%AC%E5%8F%B8,https://sou.zhaopin.com/?kw=%E8%8B%8F%E5%B7%9E%E5%A5%87%E5%B2%A9%E7%BD%91%E7%BB%9C%E7%B3%BB%E7%BB%9F%E9%9B%86%E6%88%90%E6%9C%89%E9%99%90%E5%85%AC%E5%8F%B8,,,,,,
130,苏州,苏州优敖智能科技有限公司,中型民企,技术支持工程师（IoT/云平台） / 项目实施/交付工程师（物联网）,261.0,43.0,2794万人民币,2013,存续,https://www.zhipin.com/web/geek/job?query=%E8%8B%8F%E5%B7%9E%E4%BC%98%E6%95%96%E6%99%BA%E8%83%BD%E7%A7%91%E6%8A%80%E6%9C%89%E9%99%90%E5%85%AC%E5%8F%B8,https://sou.zhaopin.com/?kw=%E8%8B%8F%E5%B7%9E%E4%BC%98%E6%95%96%E6%99%BA%E8%83%BD%E7%A7%91%E6%8A%80%E6%9C%89%E9%99%90%E5%85%AC%E5%8F%B8,,,,,,
131,苏州,苏州华育智能科技股份有限公司,中小集团,技术支持工程师（IoT/云平台） / 项目实施/交付工程师（物联网）,260.0,35.0,2010万人民币,2012,在业,https://www.zhipin.com/web/geek/job?query=%E8%8B%8F%E5%B7%9E%E5%8D%8E%E8%82%B2%E6%99%BA%E8%83%BD%E7%A7%91%E6%8A%80%E8%82%A1%E4%BB%BD%E6%9C%89%E9%99%90%E5%85%AC%E5%8F%B8,https://sou.zhaopin.com/?kw=%E8%8B%8F%E5%B7%9E%E5%8D%8E%E8%82%B2%E6%99%BA%E8%83%BD%E7%A7%91%E6%8A%80%E8%82%A1%E4%BB%BD%E6%9C%89%E9%99%90%E5%85%AC%E5%8F%B8,,,,,,
132,苏州,苏州白星软件开发有限公司,中型民企,技术支持工程师（IoT/云平台） / 项目实施/交付工程师（物联网）,257.0,43.0,1000万人民币,2023,存续,https://www.zhipin.com/web/geek/job?query=%E8%8B%8F%E5%B7%9E%E7%99%BD%E6%98%9F%E8%BD%AF%E4%BB%B6%E5%BC%80%E5%8F%91%E6%9C%89%E9%99%90%E5%85%AC%E5%8F%B8,https://sou.zhaopin.com/?kw=%E8%8B%8F%E5%B7%9E%E7%99%BD%E6%98%9F%E8%BD%AF%E4%BB%B6%E5%BC%80%E5%8F%91%E6%9C%89%E9%99%90%E5%85%AC%E5%8F%B8,,,,,,
133,苏州,苏州再灵物联网科技有限公司,中型民企,技术支持工程师（IoT/云平台） / 项目实施/交付工程师（物联网）,256.0,43.0,1000万人民币,2019,在业,https://www.zhipin.com/web/geek/job?query=%E8%8B%8F%E5%B7%9E%E5%86%8D%E7%81%B5%E7%89%A9%E8%81%94%E7%BD%91%E7%A7%91%E6%8A%80%E6%9C%89%E9%99%90%E5%85%AC%E5%8F%B8,https://sou.zhaopin.com/?kw=%E8%8B%8F%E5%B7%9E%E5%86%8D%E7%81%B5%E7%89%A9%E8%81%94%E7%BD%91%E7%A7%91%E6%8A%80%E6%9C%89%E9%99%90%E5%85%AC%E5%8F%B8,,,,,,
134,苏州,苏州快捷智能科技有限公司,中型民企,技术支持工程师（IoT/云平台） / 项目实施/交付工程师（物联网）,255.0,41.0,2200万人民币,2004,存续,https://www.zhipin.com/web/geek/job?query=%E8%8B%8F%E5%B7%9E%E5%BF%AB%E6%8D%B7%E6%99%BA%E8%83%BD%E7%A7%91%E6%8A%80%E6%9C%89%E9%99%90%E5%85%AC%E5%8F%B8,https://sou.zhaopin.com/?kw=%E8%8B%8F%E5%B7%9E%E5%BF%AB%E6%8D%B7%E6%99%BA%E8%83%BD%E7%A7%91%E6%8A%80%E6%9C%89%E9%99%90%E5%85%AC%E5%8F%B8,,,,,,
135,苏州,苏州优斯登物联网科技有限公司,中型民企,技术支持工程师（IoT/云平台） / 项目实施/交付工程师（物联网）,254.0,43.0,2000万人民币,2015,存续,https://www.zhipin.com/web/geek/job?query=%E8%8B%8F%E5%B7%9E%E4%BC%98%E6%96%AF%E7%99%BB%E7%89%A9%E8%81%94%E7%BD%91%E7%A7%91%E6%8A%80%E6%9C%89%E9%99%90%E5%85%AC%E5%8F%B8,https://sou.zhaopin.com/?kw=%E8%8B%8F%E5%B7%9E%E4%BC%98%E6%96%AF%E7%99%BB%E7%89%A9%E8%81%94%E7%BD%91%E7%A7%91%E6%8A%80%E6%9C%89%E9%99%90%E5%85%AC%E5%8F%B8,,,,,,
136,苏州,苏州韬言软件开发有限公司,小型民企,技术支持工程师（IoT/云平台） / 项目实施/交付工程师（物联网）,251.0,38.0,800万人民币,2013,在业,https://www.zhipin.com/web/geek/job?query=%E8%8B%8F%E5%B7%9E%E9%9F%AC%E8%A8%80%E8%BD%AF%E4%BB%B6%E5%BC%80%E5%8F%91%E6%9C%89%E9%99%90%E5%85%AC%E5%8F%B8,https://sou.zhaopin.com/?kw=%E8%8B%8F%E5%B7%9E%E9%9F%AC%E8%A8%80%E8%BD%AF%E4%BB%B6%E5%BC%80%E5%8F%91%E6%9C%89%E9%99%90%E5%85%AC%E5%8F%B8,,,,,,
137,苏州,苏州艾雷朗特软件开发有限公司,小型民企,技术支持工程师（IoT/云平台） / 项目实施/交付工程师（物联网）,250.0,49.0,100万人民币,2023,在业,https://www.zhipin.com/web/geek/job?query=%E8%8B%8F%E5%B7%9E%E8%89%BE%E9%9B%B7%E6%9C%97%E7%89%B9%E8%BD%AF%E4%BB%B6%E5%BC%80%E5%8F%91%E6%9C%89%E9%99%90%E5%85%AC%E5%8F%B8,https://sou.zhaopin.com/?kw=%E8%8B%8F%E5%B7%9E%E8%89%BE%E9%9B%B7%E6%9C%97%E7%89%B9%E8%BD%AF%E4%BB%B6%E5%BC%80%E5%8F%91%E6%9C%89%E9%99%90%E5%85%AC%E5%8F%B8,,,,,,
138,苏州,苏州繁硕集成系统工程有限公司,中型民企,技术支持工程师（IoT/云平台） / 项目实施/交付工程师（物联网）,250.0,40.0,1200万人民币,2016,存续,https://www.zhipin.com/web/geek/job?query=%E8%8B%8F%E5%B7%9E%E7%B9%81%E7%A1%95%E9%9B%86%E6%88%90%E7%B3%BB%E7%BB%9F%E5%B7%A5%E7%A8%8B%E6%9C%89%E9%99%90%E5%85%AC%E5%8F%B8,https://sou.zhaopin.com/?kw=%E8%8B%8F%E5%B7%9E%E7%B9%81%E7%A1%95%E9%9B%86%E6%88%90%E7%B3%BB%E7%BB%9F%E5%B7%A5%E7%A8%8B%E6%9C%89%E9%99%90%E5%85%AC%E5%8F%B8,,,,,,
139,苏州,苏州柳凌软件开发有限公司,小型民企,技术支持工程师（IoT/云平台） / 项目实施/交付工程师（物联网）,249.0,41.0,100万人民币,2015,在业,https://www.zhipin.com/web/geek/job?query=%E8%8B%8F%E5%B7%9E%E6%9F%B3%E5%87%8C%E8%BD%AF%E4%BB%B6%E5%BC%80%E5%8F%91%E6%9C%89%E9%99%90%E5%85%AC%E5%8F%B8,https://sou.zhaopin.com/?kw=%E8%8B%8F%E5%B7%9E%E6%9F%B3%E5%87%8C%E8%BD%AF%E4%BB%B6%E5%BC%80%E5%8F%91%E6%9C%89%E9%99%90%E5%85%AC%E5%8F%B8,,,,,,
140,苏州,苏州研创软件开发有限公司,小型民企,技术支持工程师（IoT/云平台） / 项目实施/交付工程师（物联网）,249.0,38.0,500万人民币,2014,存续,https://www.zhipin.com/web/geek/job?query=%E8%8B%8F%E5%B7%9E%E7%A0%94%E5%88%9B%E8%BD%AF%E4%BB%B6%E5%BC%80%E5%8F%91%E6%9C%89%E9%99%90%E5%85%AC%E5%8F%B8,https://sou.zhaopin.com/?kw=%E8%8B%8F%E5%B7%9E%E7%A0%94%E5%88%9B%E8%BD%AF%E4%BB%B6%E5%BC%80%E5%8F%91%E6%9C%89%E9%99%90%E5%85%AC%E5%8F%B8,,,,,,
141,苏州,苏州瑞云智服信息科技有限公司,小型民企,技术支持工程师（IoT/云平台） / 项目实施/交付工程师（物联网）,248.0,46.0,810.3447万人民币,2021,存续,https://www.zhipin.com/web/geek/job?query=%E8%8B%8F%E5%B7%9E%E7%91%9E%E4%BA%91%E6%99%BA%E6%9C%8D%E4%BF%A1%E6%81%AF%E7%A7%91%E6%8A%80%E6%9C%89%E9%99%90%E5%85%AC%E5%8F%B8,https://sou.zhaopin.com/?kw=%E8%8B%8F%E5%B7%9E%E7%91%9E%E4%BA%91%E6%99%BA%E6%9C%8D%E4%BF%A1%E6%81%AF%E7%A7%91%E6%8A%80%E6%9C%89%E9%99%90%E5%85%AC%E5%8F%B8,,,,,,
142,苏州,苏州顺势智能物联网有限公司,小型民企,技术支持工程师（IoT/云平台） / 项目实施/交付工程师（物联网）,247.0,49.0,200万人民币,2023,存续,https://www.zhipin.com/web/geek/job?query=%E8%8B%8F%E5%B7%9E%E9%A1%BA%E5%8A%BF%E6%99%BA%E8%83%BD%E7%89%A9%E8%81%94%E7%BD%91%E6%9C%89%E9%99%90%E5%85%AC%E5%8F%B8,https://sou.zhaopin.com/?kw=%E8%8B%8F%E5%B7%9E%E9%A1%BA%E5%8A%BF%E6%99%BA%E8%83%BD%E7%89%A9%E8%81%94%E7%BD%91%E6%9C%89%E9%99%90%E5%85%AC%E5%8F%B8,,,,,,
143,苏州,苏州谦玉软件开发有限公司,微型/初创,技术支持工程师（IoT/云平台） / 项目实施/交付工程师（物联网）,247.0,49.0,25万人民币,2018,在业,https://www.zhipin.com/web/geek/job?query=%E8%8B%8F%E5%B7%9E%E8%B0%A6%E7%8E%89%E8%BD%AF%E4%BB%B6%E5%BC%80%E5%8F%91%E6%9C%89%E9%99%90%E5%85%AC%E5%8F%B8,https://sou.zhaopin.com/?kw=%E8%8B%8F%E5%B7%9E%E8%B0%A6%E7%8E%89%E8%BD%AF%E4%BB%B6%E5%BC%80%E5%8F%91%E6%9C%89%E9%99%90%E5%85%AC%E5%8F%B8,,,,,,
144,苏州,苏州科腾软件开发有限公司,微型/初创,技术支持工程师（IoT/云平台） / 项目实施/交付工程师（物联网）,245.0,49.0,50万人民币,2020,存续,https://www.zhipin.com/web/geek/job?query=%E8%8B%8F%E5%B7%9E%E7%A7%91%E8%85%BE%E8%BD%AF%E4%BB%B6%E5%BC%80%E5%8F%91%E6%9C%89%E9%99%90%E5%85%AC%E5%8F%B8,https://sou.zhaopin.com/?kw=%E8%8B%8F%E5%B7%9E%E7%A7%91%E8%85%BE%E8%BD%AF%E4%BB%B6%E5%BC%80%E5%8F%91%E6%9C%89%E9%99%90%E5%85%AC%E5%8F%B8,,,,,,
145,苏州,苏州邦讯物联网科技有限公司,小型民企,技术支持工程师（IoT/云平台） / 项目实施/交付工程师（物联网）,245.0,43.0,500万人民币,2013,存续,https://www.zhipin.com/web/geek/job?query=%E8%8B%8F%E5%B7%9E%E9%82%A6%E8%AE%AF%E7%89%A9%E8%81%94%E7%BD%91%E7%A7%91%E6%8A%80%E6%9C%89%E9%99%90%E5%85%AC%E5%8F%B8,https://sou.zhaopin.com/?kw=%E8%8B%8F%E5%B7%9E%E9%82%A6%E8%AE%AF%E7%89%A9%E8%81%94%E7%BD%91%E7%A7%91%E6%8A%80%E6%9C%89%E9%99%90%E5%85%AC%E5%8F%B8,,,,,,
146,苏州,苏州金峰物联网技术有限公司,中型民企,技术支持工程师（IoT/云平台） / 项目实施/交付工程师（物联网）,244.0,43.0,3000万人民币,2015,存续,https://www.zhipin.com/web/geek/job?query=%E8%8B%8F%E5%B7%9E%E9%87%91%E5%B3%B0%E7%89%A9%E8%81%94%E7%BD%91%E6%8A%80%E6%9C%AF%E6%9C%89%E9%99%90%E5%85%AC%E5%8F%B8,https://sou.zhaopin.com/?kw=%E8%8B%8F%E5%B7%9E%E9%87%91%E5%B3%B0%E7%89%A9%E8%81%94%E7%BD%91%E6%8A%80%E6%9C%AF%E6%9C%89%E9%99%90%E5%85%AC%E5%8F%B8,,,,,,
147,苏州,苏州恒力系统集成有限公司,中型民企,技术支持工程师（IoT/云平台） / 项目实施/交付工程师（物联网）,244.0,43.0,1000万人民币,2020,存续,https://www.zhipin.com/web/geek/job?query=%E8%8B%8F%E5%B7%9E%E6%81%92%E5%8A%9B%E7%B3%BB%E7%BB%9F%E9%9B%86%E6%88%90%E6%9C%89%E9%99%90%E5%85%AC%E5%8F%B8,https://sou.zhaopin.com/?kw=%E8%8B%8F%E5%B7%9E%E6%81%92%E5%8A%9B%E7%B3%BB%E7%BB%9F%E9%9B%86%E6%88%90%E6%9C%89%E9%99%90%E5%85%AC%E5%8F%B8,,,,,,
148,苏州,苏州宜感物联网科技有限公司,小型民企,技术支持工程师（IoT/云平台） / 项目实施/交付工程师（物联网）,243.0,46.0,300万人民币,2015,存续,https://www.zhipin.com/web/geek/job?query=%E8%8B%8F%E5%B7%9E%E5%AE%9C%E6%84%9F%E7%89%A9%E8%81%94%E7%BD%91%E7%A7%91%E6%8A%80%E6%9C%89%E9%99%90%E5%85%AC%E5%8F%B8,https://sou.zhaopin.com/?kw=%E8%8B%8F%E5%B7%9E%E5%AE%9C%E6%84%9F%E7%89%A9%E8%81%94%E7%BD%91%E7%A7%91%E6%8A%80%E6%9C%89%E9%99%90%E5%85%AC%E5%8F%B8,,,,,,
149,苏州,苏州企信联盟信息科技（集团）有限公司,中小集团,技术支持工程师（IoT/云平台） / 项目实施/交付工程师（物联网）,243.0,29.0,500万人民币,2017,在业,https://www.zhipin.com/web/geek/job?query=%E8%8B%8F%E5%B7%9E%E4%BC%81%E4%BF%A1%E8%81%94%E7%9B%9F%E4%BF%A1%E6%81%AF%E7%A7%91%E6%8A%80%EF%BC%88%E9%9B%86%E5%9B%A2%EF%BC%89%E6%9C%89%E9%99%90%E5%85%AC%E5%8F%B8,https://sou.zhaopin.com/?kw=%E8%8B%8F%E5%B7%9E%E4%BC%81%E4%BF%A1%E8%81%94%E7%9B%9F%E4%BF%A1%E6%81%AF%E7%A7%91%E6%8A%80%EF%BC%88%E9%9B%86%E5%9B%A2%EF%BC%89%E6%9C%89%E9%99%90%E5%85%AC%E5%8F%B8,,,,,,
150,苏州,苏州乐云云计算科技有限公司,小型民企,技术支持工程师（IoT/云平台） / 项目实施/交付工程师（物联网）,242.0,49.0,300万人民币,2022,在业,https://www.zhipin.com/web/geek/job?query=%E8%8B%8F%E5%B7%9E%E4%B9%90%E4%BA%91%E4%BA%91%E8%AE%A1%E7%AE%97%E7%A7%91%E6%8A%80%E6%9C%89%E9%99%90%E5%85%AC%E5%8F%B8,https://sou.zhaopin.com/?kw=%E8%8B%8F%E5%B7%9E%E4%B9%90%E4%BA%91%E4%BA%91%E8%AE%A1%E7%AE%97%E7%A7%91%E6%8A%80%E6%9C%89%E9%99%90%E5%85%AC%E5%8F%B8,,,,,,
151,苏州,苏州工业软件应用创新中心有限公司,中型民企,技术支持工程师（IoT/云平台） / 项目实施/交付工程师（物联网）,242.0,42.0,3000万人民币,2024,存续,https://www.zhipin.com/web/geek/job?query=%E8%8B%8F%E5%B7%9E%E5%B7%A5%E4%B8%9A%E8%BD%AF%E4%BB%B6%E5%BA%94%E7%94%A8%E5%88%9B%E6%96%B0%E4%B8%AD%E5%BF%83%E6%9C%89%E9%99%90%E5%85%AC%E5%8F%B8,https://sou.zhaopin.com/?kw=%E8%8B%8F%E5%B7%9E%E5%B7%A5%E4%B8%9A%E8%BD%AF%E4%BB%B6%E5%BA%94%E7%94%A8%E5%88%9B%E6%96%B0%E4%B8%AD%E5%BF%83%E6%9C%89%E9%99%90%E5%85%AC%E5%8F%B8,,,,,,
152,苏州,苏州伊欧陆系统集成有限公司,中型民企,技术支持工程师（IoT/云平台） / 项目实施/交付工程师（物联网）,242.0,40.0,1000万人民币,2014,存续,https://www.zhipin.com/web/geek/job?query=%E8%8B%8F%E5%B7%9E%E4%BC%8A%E6%AC%A7%E9%99%86%E7%B3%BB%E7%BB%9F%E9%9B%86%E6%88%90%E6%9C%89%E9%99%90%E5%85%AC%E5%8F%B8,https://sou.zhaopin.com/?kw=%E8%8B%8F%E5%B7%9E%E4%BC%8A%E6%AC%A7%E9%99%86%E7%B3%BB%E7%BB%9F%E9%9B%86%E6%88%90%E6%9C%89%E9%99%90%E5%85%AC%E5%8F%B8,,,,,,
153,苏州,苏州视拓系统集成有限公司,中型民企,技术支持工程师（IoT/云平台） / 项目实施/交付工程师（物联网）,242.0,40.0,1000万人民币,2016,存续,https://www.zhipin.com/web/geek/job?query=%E8%8B%8F%E5%B7%9E%E8%A7%86%E6%8B%93%E7%B3%BB%E7%BB%9F%E9%9B%86%E6%88%90%E6%9C%89%E9%99%90%E5%85%AC%E5%8F%B8,https://sou.zhaopin.com/?kw=%E8%8B%8F%E5%B7%9E%E8%A7%86%E6%8B%93%E7%B3%BB%E7%BB%9F%E9%9B%86%E6%88%90%E6%9C%89%E9%99%90%E5%85%AC%E5%8F%B8,,,,,,
154,苏州,苏州泰克云飞系统集成有限公司,中型民企,技术支持工程师（IoT/云平台） / 项目实施/交付工程师（物联网）,242.0,40.0,1000万人民币,2014,存续,https://www.zhipin.com/web/geek/job?query=%E8%8B%8F%E5%B7%9E%E6%B3%B0%E5%85%8B%E4%BA%91%E9%A3%9E%E7%B3%BB%E7%BB%9F%E9%9B%86%E6%88%90%E6%9C%89%E9%99%90%E5%85%AC%E5%8F%B8,https://sou.zhaopin.com/?kw=%E8%8B%8F%E5%B7%9E%E6%B3%B0%E5%85%8B%E4%BA%91%E9%A3%9E%E7%B3%BB%E7%BB%9F%E9%9B%86%E6%88%90%E6%9C%89%E9%99%90%E5%85%AC%E5%8F%B8,,,,,,
155,苏州,苏州蓝水软件开发股份有限公司,中小集团,技术支持工程师（IoT/云平台） / 项目实施/交付工程师（物联网）,242.0,27.0,300万人民币,2008,存续,https://www.zhipin.com/web/geek/job?query=%E8%8B%8F%E5%B7%9E%E8%93%9D%E6%B0%B4%E8%BD%AF%E4%BB%B6%E5%BC%80%E5%8F%91%E8%82%A1%E4%BB%BD%E6%9C%89%E9%99%90%E5%85%AC%E5%8F%B8,https://sou.zhaopin.com/?kw=%E8%8B%8F%E5%B7%9E%E8%93%9D%E6%B0%B4%E8%BD%AF%E4%BB%B6%E5%BC%80%E5%8F%91%E8%82%A1%E4%BB%BD%E6%9C%89%E9%99%90%E5%85%AC%E5%8F%B8,,,,,,
156,苏州,苏州云体科技有限公司,中型民企,技术支持工程师（IoT/云平台） / 项目实施/交付工程师（物联网）,238.0,43.0,1000万人民币,2021,在业,https://www.zhipin.com/web/geek/job?query=%E8%8B%8F%E5%B7%9E%E4%BA%91%E4%BD%93%E7%A7%91%E6%8A%80%E6%9C%89%E9%99%90%E5%85%AC%E5%8F%B8,https://sou.zhaopin.com/?kw=%E8%8B%8F%E5%B7%9E%E4%BA%91%E4%BD%93%E7%A7%91%E6%8A%80%E6%9C%89%E9%99%90%E5%85%AC%E5%8F%B8,,,,,,
157,南京,南京凯普康人工智能科技有限公司,中型民企,技术支持工程师（IoT/云平台） / 项目实施/交付工程师（物联网） / 云平台/DevOps运维工程师,281.0,43.0,1000万人民币,2014,在业,https://www.zhipin.com/web/geek/job?query=%E5%8D%97%E4%BA%AC%E5%87%AF%E6%99%AE%E5%BA%B7%E4%BA%BA%E5%B7%A5%E6%99%BA%E8%83%BD%E7%A7%91%E6%8A%80%E6%9C%89%E9%99%90%E5%85%AC%E5%8F%B8,https://sou.zhaopin.com/?kw=%E5%8D%97%E4%BA%AC%E5%87%AF%E6%99%AE%E5%BA%B7%E4%BA%BA%E5%B7%A5%E6%99%BA%E8%83%BD%E7%A7%91%E6%8A%80%E6%9C%89%E9%99%90%E5%85%AC%E5%8F%B8,,,,,,
158,南京,南京凤凰人工智能科技有限公司,中型民企,技术支持工程师（IoT/云平台） / 项目实施/交付工程师（物联网） / 云平台/DevOps运维工程师,279.0,43.0,1000万人民币,2019,存续,https://www.zhipin.com/web/geek/job?query=%E5%8D%97%E4%BA%AC%E5%87%A4%E5%87%B0%E4%BA%BA%E5%B7%A5%E6%99%BA%E8%83%BD%E7%A7%91%E6%8A%80%E6%9C%89%E9%99%90%E5%85%AC%E5%8F%B8,https://sou.zhaopin.com/?kw=%E5%8D%97%E4%BA%AC%E5%87%A4%E5%87%B0%E4%BA%BA%E5%B7%A5%E6%99%BA%E8%83%BD%E7%A7%91%E6%8A%80%E6%9C%89%E9%99%90%E5%85%AC%E5%8F%B8,,,,,,
159,南京,南京曜辰人工智能科技有限公司,小型民企,技术支持工程师（IoT/云平台） / 项目实施/交付工程师（物联网） / 云平台/DevOps运维工程师,273.0,46.0,500万人民币,2018,存续,https://www.zhipin.com/web/geek/job?query=%E5%8D%97%E4%BA%AC%E6%9B%9C%E8%BE%B0%E4%BA%BA%E5%B7%A5%E6%99%BA%E8%83%BD%E7%A7%91%E6%8A%80%E6%9C%89%E9%99%90%E5%85%AC%E5%8F%B8,https://sou.zhaopin.com/?kw=%E5%8D%97%E4%BA%AC%E6%9B%9C%E8%BE%B0%E4%BA%BA%E5%B7%A5%E6%99%BA%E8%83%BD%E7%A7%91%E6%8A%80%E6%9C%89%E9%99%90%E5%85%AC%E5%8F%B8,,,,,,
160,南京,南京终极人工智能科技有限公司,小型民企,技术支持工程师（IoT/云平台） / 项目实施/交付工程师（物联网） / 云平台/DevOps运维工程师,270.0,49.0,100万人民币,2019,存续,https://www.zhipin.com/web/geek/job?query=%E5%8D%97%E4%BA%AC%E7%BB%88%E6%9E%81%E4%BA%BA%E5%B7%A5%E6%99%BA%E8%83%BD%E7%A7%91%E6%8A%80%E6%9C%89%E9%99%90%E5%85%AC%E5%8F%B8,https://sou.zhaopin.com/?kw=%E5%8D%97%E4%BA%AC%E7%BB%88%E6%9E%81%E4%BA%BA%E5%B7%A5%E6%99%BA%E8%83%BD%E7%A7%91%E6%8A%80%E6%9C%89%E9%99%90%E5%85%AC%E5%8F%B8,,,,,,
161,南京,南京腾亚人工智能技术研发有限公司,小型民企,技术支持工程师（IoT/云平台） / 项目实施/交付工程师（物联网）,258.0,46.0,500万人民币,2022,存续,https://www.zhipin.com/web/geek/job?query=%E5%8D%97%E4%BA%AC%E8%85%BE%E4%BA%9A%E4%BA%BA%E5%B7%A5%E6%99%BA%E8%83%BD%E6%8A%80%E6%9C%AF%E7%A0%94%E5%8F%91%E6%9C%89%E9%99%90%E5%85%AC%E5%8F%B8,https://sou.zhaopin.com/?kw=%E5%8D%97%E4%BA%AC%E8%85%BE%E4%BA%9A%E4%BA%BA%E5%B7%A5%E6%99%BA%E8%83%BD%E6%8A%80%E6%9C%AF%E7%A0%94%E5%8F%91%E6%9C%89%E9%99%90%E5%85%AC%E5%8F%B8,,,,,,
162,南京,颐倍康南京智能科技服务有限责任公司,中型民企,技术支持工程师（IoT/云平台） / 项目实施/交付工程师（物联网）,256.0,43.0,1000万人民币,2016,在业,https://www.zhipin.com/web/geek/job?query=%E9%A2%90%E5%80%8D%E5%BA%B7%E5%8D%97%E4%BA%AC%E6%99%BA%E8%83%BD%E7%A7%91%E6%8A%80%E6%9C%8D%E5%8A%A1%E6%9C%89%E9%99%90%E8%B4%A3%E4%BB%BB%E5%85%AC%E5%8F%B8,https://sou.zhaopin.com/?kw=%E9%A2%90%E5%80%8D%E5%BA%B7%E5%8D%97%E4%BA%AC%E6%99%BA%E8%83%BD%E7%A7%91%E6%8A%80%E6%9C%8D%E5%8A%A1%E6%9C%89%E9%99%90%E8%B4%A3%E4%BB%BB%E5%85%AC%E5%8F%B8,,,,,,
163,南京,南京阿曼尔软件开发有限公司,中型民企,技术支持工程师（IoT/云平台） / 项目实施/交付工程师（物联网）,255.0,40.0,3000万人民币,2014,在业,https://www.zhipin.com/web/geek/job?query=%E5%8D%97%E4%BA%AC%E9%98%BF%E6%9B%BC%E5%B0%94%E8%BD%AF%E4%BB%B6%E5%BC%80%E5%8F%91%E6%9C%89%E9%99%90%E5%85%AC%E5%8F%B8,https://sou.zhaopin.com/?kw=%E5%8D%97%E4%BA%AC%E9%98%BF%E6%9B%BC%E5%B0%94%E8%BD%AF%E4%BB%B6%E5%BC%80%E5%8F%91%E6%9C%89%E9%99%90%E5%85%AC%E5%8F%B8,,,,,,
164,南京,南京卓宇智能科技有限公司,中型民企,技术支持工程师（IoT/云平台） / 项目实施/交付工程师（物联网）,254.0,43.0,1299.2万人民币,2018,存续,https://www.zhipin.com/web/geek/job?query=%E5%8D%97%E4%BA%AC%E5%8D%93%E5%AE%87%E6%99%BA%E8%83%BD%E7%A7%91%E6%8A%80%E6%9C%89%E9%99%90%E5%85%AC%E5%8F%B8,https://sou.zhaopin.com/?kw=%E5%8D%97%E4%BA%AC%E5%8D%93%E5%AE%87%E6%99%BA%E8%83%BD%E7%A7%91%E6%8A%80%E6%9C%89%E9%99%90%E5%85%AC%E5%8F%B8,,,,,,
165,南京,中电电气南京智能科技有限公司,中型民企,技术支持工程师（IoT/云平台） / 项目实施/交付工程师（物联网）,254.0,43.0,1000万人民币,2011,存续,https://www.zhipin.com/web/geek/job?query=%E4%B8%AD%E7%94%B5%E7%94%B5%E6%B0%94%E5%8D%97%E4%BA%AC%E6%99%BA%E8%83%BD%E7%A7%91%E6%8A%80%E6%9C%89%E9%99%90%E5%85%AC%E5%8F%B8,https://sou.zhaopin.com/?kw=%E4%B8%AD%E7%94%B5%E7%94%B5%E6%B0%94%E5%8D%97%E4%BA%AC%E6%99%BA%E8%83%BD%E7%A7%91%E6%8A%80%E6%9C%89%E9%99%90%E5%85%AC%E5%8F%B8,,,,,,
166,南京,南京远思智能科技有限公司,中型民企,技术支持工程师（IoT/云平台） / 项目实施/交付工程师（物联网）,254.0,43.0,1376.4839万人民币,2016,存续,https://www.zhipin.com/web/geek/job?query=%E5%8D%97%E4%BA%AC%E8%BF%9C%E6%80%9D%E6%99%BA%E8%83%BD%E7%A7%91%E6%8A%80%E6%9C%89%E9%99%90%E5%85%AC%E5%8F%B8,https://sou.zhaopin.com/?kw=%E5%8D%97%E4%BA%AC%E8%BF%9C%E6%80%9D%E6%99%BA%E8%83%BD%E7%A7%91%E6%8A%80%E6%9C%89%E9%99%90%E5%85%AC%E5%8F%B8,,,,,,
167,南京,南京蔚蓝智能科技有限公司,中型民企,技术支持工程师（IoT/云平台） / 项目实施/交付工程师（物联网）,254.0,43.0,1658.1675万人民币,2019,存续,https://www.zhipin.com/web/geek/job?query=%E5%8D%97%E4%BA%AC%E8%94%9A%E8%93%9D%E6%99%BA%E8%83%BD%E7%A7%91%E6%8A%80%E6%9C%89%E9%99%90%E5%85%AC%E5%8F%B8,https://sou.zhaopin.com/?kw=%E5%8D%97%E4%BA%AC%E8%94%9A%E8%93%9D%E6%99%BA%E8%83%BD%E7%A7%91%E6%8A%80%E6%9C%89%E9%99%90%E5%85%AC%E5%8F%B8,,,,,,
168,南京,南京治平智能科技有限公司,中型民企,技术支持工程师（IoT/云平台） / 项目实施/交付工程师（物联网）,254.0,43.0,1000万人民币,2017,存续,https://www.zhipin.com/web/geek/job?query=%E5%8D%97%E4%BA%AC%E6%B2%BB%E5%B9%B3%E6%99%BA%E8%83%BD%E7%A7%91%E6%8A%80%E6%9C%89%E9%99%90%E5%85%AC%E5%8F%B8,https://sou.zhaopin.com/?kw=%E5%8D%97%E4%BA%AC%E6%B2%BB%E5%B9%B3%E6%99%BA%E8%83%BD%E7%A7%91%E6%8A%80%E6%9C%89%E9%99%90%E5%85%AC%E5%8F%B8,,,,,,
169,南京,南京才丰软件技术开发有限公司,中型民企,技术支持工程师（IoT/云平台） / 项目实施/交付工程师（物联网）,254.0,38.0,1000万人民币,1999,存续,https://www.zhipin.com/web/geek/job?query=%E5%8D%97%E4%BA%AC%E6%89%8D%E4%B8%B0%E8%BD%AF%E4%BB%B6%E6%8A%80%E6%9C%AF%E5%BC%80%E5%8F%91%E6%9C%89%E9%99%90%E5%85%AC%E5%8F%B8,https://sou.zhaopin.com/?kw=%E5%8D%97%E4%BA%AC%E6%89%8D%E4%B8%B0%E8%BD%AF%E4%BB%B6%E6%8A%80%E6%9C%AF%E5%BC%80%E5%8F%91%E6%9C%89%E9%99%90%E5%85%AC%E5%8F%B8,,,,,,
170,南京,南京鹏德软件开发有限公司,中型民企,技术支持工程师（IoT/云平台） / 项目实施/交付工程师（物联网）,253.0,40.0,1000万人民币,2016,存续,https://www.zhipin.com/web/geek/job?query=%E5%8D%97%E4%BA%AC%E9%B9%8F%E5%BE%B7%E8%BD%AF%E4%BB%B6%E5%BC%80%E5%8F%91%E6%9C%89%E9%99%90%E5%85%AC%E5%8F%B8,https://sou.zhaopin.com/?kw=%E5%8D%97%E4%BA%AC%E9%B9%8F%E5%BE%B7%E8%BD%AF%E4%BB%B6%E5%BC%80%E5%8F%91%E6%9C%89%E9%99%90%E5%85%AC%E5%8F%B8,,,,,,
171,南京,南京轩恩软件开发有限公司,中型民企,技术支持工程师（IoT/云平台） / 项目实施/交付工程师（物联网）,253.0,40.0,2200万人民币,2008,存续,https://www.zhipin.com/web/geek/job?query=%E5%8D%97%E4%BA%AC%E8%BD%A9%E6%81%A9%E8%BD%AF%E4%BB%B6%E5%BC%80%E5%8F%91%E6%9C%89%E9%99%90%E5%85%AC%E5%8F%B8,https://sou.zhaopin.com/?kw=%E5%8D%97%E4%BA%AC%E8%BD%A9%E6%81%A9%E8%BD%AF%E4%BB%B6%E5%BC%80%E5%8F%91%E6%9C%89%E9%99%90%E5%85%AC%E5%8F%B8,,,,,,
172,南京,南京简睿捷软件开发有限公司,中型民企,技术支持工程师（IoT/云平台） / 项目实施/交付工程师（物联网）,253.0,40.0,1368.98万人民币,2015,存续,https://www.zhipin.com/web/geek/job?query=%E5%8D%97%E4%BA%AC%E7%AE%80%E7%9D%BF%E6%8D%B7%E8%BD%AF%E4%BB%B6%E5%BC%80%E5%8F%91%E6%9C%89%E9%99%90%E5%85%AC%E5%8F%B8,https://sou.zhaopin.com/?kw=%E5%8D%97%E4%BA%AC%E7%AE%80%E7%9D%BF%E6%8D%B7%E8%BD%AF%E4%BB%B6%E5%BC%80%E5%8F%91%E6%9C%89%E9%99%90%E5%85%AC%E5%8F%B8,,,,,,
173,南京,南京硅基智能科技集团股份有限公司,中小集团,技术支持工程师（IoT/云平台） / 项目实施/交付工程师（物联网）,250.0,35.0,1708.4745万人民币,2017,存续,https://www.zhipin.com/web/geek/job?query=%E5%8D%97%E4%BA%AC%E7%A1%85%E5%9F%BA%E6%99%BA%E8%83%BD%E7%A7%91%E6%8A%80%E9%9B%86%E5%9B%A2%E8%82%A1%E4%BB%BD%E6%9C%89%E9%99%90%E5%85%AC%E5%8F%B8,https://sou.zhaopin.com/?kw=%E5%8D%97%E4%BA%AC%E7%A1%85%E5%9F%BA%E6%99%BA%E8%83%BD%E7%A7%91%E6%8A%80%E9%9B%86%E5%9B%A2%E8%82%A1%E4%BB%BD%E6%9C%89%E9%99%90%E5%85%AC%E5%8F%B8,,,,,,
174,南京,南京专注智能科技股份有限公司,中小集团,技术支持工程师（IoT/云平台） / 项目实施/交付工程师（物联网）,250.0,35.0,1000万人民币,2018,存续,https://www.zhipin.com/web/geek/job?query=%E5%8D%97%E4%BA%AC%E4%B8%93%E6%B3%A8%E6%99%BA%E8%83%BD%E7%A7%91%E6%8A%80%E8%82%A1%E4%BB%BD%E6%9C%89%E9%99%90%E5%85%AC%E5%8F%B8,https://sou.zhaopin.com/?kw=%E5%8D%97%E4%BA%AC%E4%B8%93%E6%B3%A8%E6%99%BA%E8%83%BD%E7%A7%91%E6%8A%80%E8%82%A1%E4%BB%BD%E6%9C%89%E9%99%90%E5%85%AC%E5%8F%B8,,,,,,
175,南京,南京承真软件开发有限公司,小型民企,技术支持工程师（IoT/云平台） / 项目实施/交付工程师（物联网）,248.0,49.0,375万人民币,2020,在业,https://www.zhipin.com/web/geek/job?query=%E5%8D%97%E4%BA%AC%E6%89%BF%E7%9C%9F%E8%BD%AF%E4%BB%B6%E5%BC%80%E5%8F%91%E6%9C%89%E9%99%90%E5%85%AC%E5%8F%B8,https://sou.zhaopin.com/?kw=%E5%8D%97%E4%BA%AC%E6%89%BF%E7%9C%9F%E8%BD%AF%E4%BB%B6%E5%BC%80%E5%8F%91%E6%9C%89%E9%99%90%E5%85%AC%E5%8F%B8,,,,,,
176,南京,南京零探智能科技有限公司,小型民企,技术支持工程师（IoT/云平台） / 项目实施/交付工程师（物联网）,248.0,46.0,695.2223万人民币,2021,存续,https://www.zhipin.com/web/geek/job?query=%E5%8D%97%E4%BA%AC%E9%9B%B6%E6%8E%A2%E6%99%BA%E8%83%BD%E7%A7%91%E6%8A%80%E6%9C%89%E9%99%90%E5%85%AC%E5%8F%B8,https://sou.zhaopin.com/?kw=%E5%8D%97%E4%BA%AC%E9%9B%B6%E6%8E%A2%E6%99%BA%E8%83%BD%E7%A7%91%E6%8A%80%E6%9C%89%E9%99%90%E5%85%AC%E5%8F%B8,,,,,,
177,南京,南京三万物联网科技有限公司,中型民企,技术支持工程师（IoT/云平台） / 项目实施/交付工程师（物联网）,247.0,43.0,2060.595万人民币,2017,存续,https://www.zhipin.com/web/geek/job?query=%E5%8D%97%E4%BA%AC%E4%B8%89%E4%B8%87%E7%89%A9%E8%81%94%E7%BD%91%E7%A7%91%E6%8A%80%E6%9C%89%E9%99%90%E5%85%AC%E5%8F%B8,https://sou.zhaopin.com/?kw=%E5%8D%97%E4%BA%AC%E4%B8%89%E4%B8%87%E7%89%A9%E8%81%94%E7%BD%91%E7%A7%91%E6%8A%80%E6%9C%89%E9%99%90%E5%85%AC%E5%8F%B8,,,,,,
178,南京,南京万资达物联网科技有限公司,中型民企,技术支持工程师（IoT/云平台） / 项目实施/交付工程师（物联网）,247.0,43.0,1550万人民币,2014,存续,https://www.zhipin.com/web/geek/job?query=%E5%8D%97%E4%BA%AC%E4%B8%87%E8%B5%84%E8%BE%BE%E7%89%A9%E8%81%94%E7%BD%91%E7%A7%91%E6%8A%80%E6%9C%89%E9%99%90%E5%85%AC%E5%8F%B8,https://sou.zhaopin.com/?kw=%E5%8D%97%E4%BA%AC%E4%B8%87%E8%B5%84%E8%BE%BE%E7%89%A9%E8%81%94%E7%BD%91%E7%A7%91%E6%8A%80%E6%9C%89%E9%99%90%E5%85%AC%E5%8F%B8,,,,,,
179,南京,南京光蓝物联网科技有限公司,中型民企,技术支持工程师（IoT/云平台） / 项目实施/交付工程师（物联网）,247.0,43.0,1000万人民币,2019,存续,https://www.zhipin.com/web/geek/job?query=%E5%8D%97%E4%BA%AC%E5%85%89%E8%93%9D%E7%89%A9%E8%81%94%E7%BD%91%E7%A7%91%E6%8A%80%E6%9C%89%E9%99%90%E5%85%AC%E5%8F%B8,https://sou.zhaopin.com/?kw=%E5%8D%97%E4%BA%AC%E5%85%89%E8%93%9D%E7%89%A9%E8%81%94%E7%BD%91%E7%A7%91%E6%8A%80%E6%9C%89%E9%99%90%E5%85%AC%E5%8F%B8,,,,,,
180,南京,南京诚迈物联网科技有限公司,中型民企,技术支持工程师（IoT/云平台） / 项目实施/交付工程师（物联网）,247.0,43.0,3000万人民币,2009,存续,https://www.zhipin.com/web/geek/job?query=%E5%8D%97%E4%BA%AC%E8%AF%9A%E8%BF%88%E7%89%A9%E8%81%94%E7%BD%91%E7%A7%91%E6%8A%80%E6%9C%89%E9%99%90%E5%85%AC%E5%8F%B8,https://sou.zhaopin.com/?kw=%E5%8D%97%E4%BA%AC%E8%AF%9A%E8%BF%88%E7%89%A9%E8%81%94%E7%BD%91%E7%A7%91%E6%8A%80%E6%9C%89%E9%99%90%E5%85%AC%E5%8F%B8,,,,,,
181,南京,南京恒创智云计算科技有限公司,中型民企,技术支持工程师（IoT/云平台） / 项目实施/交付工程师（物联网）,247.0,43.0,1120万人民币,2019,存续,https://www.zhipin.com/web/geek/job?query=%E5%8D%97%E4%BA%AC%E6%81%92%E5%88%9B%E6%99%BA%E4%BA%91%E8%AE%A1%E7%AE%97%E7%A7%91%E6%8A%80%E6%9C%89%E9%99%90%E5%85%AC%E5%8F%B8,https://sou.zhaopin.com/?kw=%E5%8D%97%E4%BA%AC%E6%81%92%E5%88%9B%E6%99%BA%E4%BA%91%E8%AE%A1%E7%AE%97%E7%A7%91%E6%8A%80%E6%9C%89%E9%99%90%E5%85%AC%E5%8F%B8,,,,,,
182,南京,南京精一软件开发有限公司,小型民企,技术支持工程师（IoT/云平台） / 项目实施/交付工程师（物联网）,246.0,49.0,100万人民币,2021,存续,https://www.zhipin.com/web/geek/job?query=%E5%8D%97%E4%BA%AC%E7%B2%BE%E4%B8%80%E8%BD%AF%E4%BB%B6%E5%BC%80%E5%8F%91%E6%9C%89%E9%99%90%E5%85%AC%E5%8F%B8,https://sou.zhaopin.com/?kw=%E5%8D%97%E4%BA%AC%E7%B2%BE%E4%B8%80%E8%BD%AF%E4%BB%B6%E5%BC%80%E5%8F%91%E6%9C%89%E9%99%90%E5%85%AC%E5%8F%B8,,,,,,
183,南京,南京方新智能科技有限公司,小型民企,技术支持工程师（IoT/云平台） / 项目实施/交付工程师（物联网）,245.0,43.0,500万人民币,2013,存续,https://www.zhipin.com/web/geek/job?query=%E5%8D%97%E4%BA%AC%E6%96%B9%E6%96%B0%E6%99%BA%E8%83%BD%E7%A7%91%E6%8A%80%E6%9C%89%E9%99%90%E5%85%AC%E5%8F%B8,https://sou.zhaopin.com/?kw=%E5%8D%97%E4%BA%AC%E6%96%B9%E6%96%B0%E6%99%BA%E8%83%BD%E7%A7%91%E6%8A%80%E6%9C%89%E9%99%90%E5%85%AC%E5%8F%B8,,,,,,
184,南京,南京灵越智能科技有限公司,小型民企,技术支持工程师（IoT/云平台） / 项目实施/交付工程师（物联网）,245.0,43.0,500万人民币,2016,存续,https://www.zhipin.com/web/geek/job?query=%E5%8D%97%E4%BA%AC%E7%81%B5%E8%B6%8A%E6%99%BA%E8%83%BD%E7%A7%91%E6%8A%80%E6%9C%89%E9%99%90%E5%85%AC%E5%8F%B8,https://sou.zhaopin.com/?kw=%E5%8D%97%E4%BA%AC%E7%81%B5%E8%B6%8A%E6%99%BA%E8%83%BD%E7%A7%91%E6%8A%80%E6%9C%89%E9%99%90%E5%85%AC%E5%8F%B8,,,,,,
185,南京,南京瀚辰智能科技有限公司,小型民企,技术支持工程师（IoT/云平台） / 项目实施/交付工程师（物联网）,245.0,43.0,800万人民币,2017,存续,https://www.zhipin.com/web/geek/job?query=%E5%8D%97%E4%BA%AC%E7%80%9A%E8%BE%B0%E6%99%BA%E8%83%BD%E7%A7%91%E6%8A%80%E6%9C%89%E9%99%90%E5%85%AC%E5%8F%B8,https://sou.zhaopin.com/?kw=%E5%8D%97%E4%BA%AC%E7%80%9A%E8%BE%B0%E6%99%BA%E8%83%BD%E7%A7%91%E6%8A%80%E6%9C%89%E9%99%90%E5%85%AC%E5%8F%B8,,,,,,
186,南京,南京数字空间系统集成有限公司,中型民企,技术支持工程师（IoT/云平台） / 项目实施/交付工程师（物联网）,245.0,43.0,1000万人民币,2021,存续,https://www.zhipin.com/web/geek/job?query=%E5%8D%97%E4%BA%AC%E6%95%B0%E5%AD%97%E7%A9%BA%E9%97%B4%E7%B3%BB%E7%BB%9F%E9%9B%86%E6%88%90%E6%9C%89%E9%99%90%E5%85%AC%E5%8F%B8,https://sou.zhaopin.com/?kw=%E5%8D%97%E4%BA%AC%E6%95%B0%E5%AD%97%E7%A9%BA%E9%97%B4%E7%B3%BB%E7%BB%9F%E9%9B%86%E6%88%90%E6%9C%89%E9%99%90%E5%85%AC%E5%8F%B8,,,,,,
187,南京,南京苏蝶软件开发有限公司,小型民企,技术支持工程师（IoT/云平台） / 项目实施/交付工程师（物联网）,244.0,38.0,600万人民币,2006,在业,https://www.zhipin.com/web/geek/job?query=%E5%8D%97%E4%BA%AC%E8%8B%8F%E8%9D%B6%E8%BD%AF%E4%BB%B6%E5%BC%80%E5%8F%91%E6%9C%89%E9%99%90%E5%85%AC%E5%8F%B8,https://sou.zhaopin.com/?kw=%E5%8D%97%E4%BA%AC%E8%8B%8F%E8%9D%B6%E8%BD%AF%E4%BB%B6%E5%BC%80%E5%8F%91%E6%9C%89%E9%99%90%E5%85%AC%E5%8F%B8,,,,,,
188,南京,南京灿煜智能科技有限公司,小型民企,技术支持工程师（IoT/云平台） / 项目实施/交付工程师（物联网）,243.0,46.0,205万人民币,2017,存续,https://www.zhipin.com/web/geek/job?query=%E5%8D%97%E4%BA%AC%E7%81%BF%E7%85%9C%E6%99%BA%E8%83%BD%E7%A7%91%E6%8A%80%E6%9C%89%E9%99%90%E5%85%AC%E5%8F%B8,https://sou.zhaopin.com/?kw=%E5%8D%97%E4%BA%AC%E7%81%BF%E7%85%9C%E6%99%BA%E8%83%BD%E7%A7%91%E6%8A%80%E6%9C%89%E9%99%90%E5%85%AC%E5%8F%B8,,,,,,
189,南京,南京能猫空间云计算科技有限公司,中型民企,技术支持工程师（IoT/云平台） / 项目实施/交付工程师（物联网）,242.0,43.0,1000万人民币,2022,存续,https://www.zhipin.com/web/geek/job?query=%E5%8D%97%E4%BA%AC%E8%83%BD%E7%8C%AB%E7%A9%BA%E9%97%B4%E4%BA%91%E8%AE%A1%E7%AE%97%E7%A7%91%E6%8A%80%E6%9C%89%E9%99%90%E5%85%AC%E5%8F%B8,https://sou.zhaopin.com/?kw=%E5%8D%97%E4%BA%AC%E8%83%BD%E7%8C%AB%E7%A9%BA%E9%97%B4%E4%BA%91%E8%AE%A1%E7%AE%97%E7%A7%91%E6%8A%80%E6%9C%89%E9%99%90%E5%85%AC%E5%8F%B8,,,,,,
190,南京,南京苏邦软件开发有限公司,小型民企,技术支持工程师（IoT/云平台） / 项目实施/交付工程师（物联网）,242.0,41.0,200万人民币,2017,在业,https://www.zhipin.com/web/geek/job?query=%E5%8D%97%E4%BA%AC%E8%8B%8F%E9%82%A6%E8%BD%AF%E4%BB%B6%E5%BC%80%E5%8F%91%E6%9C%89%E9%99%90%E5%85%AC%E5%8F%B8,https://sou.zhaopin.com/?kw=%E5%8D%97%E4%BA%AC%E8%8B%8F%E9%82%A6%E8%BD%AF%E4%BB%B6%E5%BC%80%E5%8F%91%E6%9C%89%E9%99%90%E5%85%AC%E5%8F%B8,,,,,,
191,南京,南京维岸云计算科技有限公司,中型民企,技术支持工程师（IoT/云平台） / 项目实施/交付工程师（物联网）,241.0,47.0,1000万人民币,2024,存续,https://www.zhipin.com/web/geek/job?query=%E5%8D%97%E4%BA%AC%E7%BB%B4%E5%B2%B8%E4%BA%91%E8%AE%A1%E7%AE%97%E7%A7%91%E6%8A%80%E6%9C%89%E9%99%90%E5%85%AC%E5%8F%B8,https://sou.zhaopin.com/?kw=%E5%8D%97%E4%BA%AC%E7%BB%B4%E5%B2%B8%E4%BA%91%E8%AE%A1%E7%AE%97%E7%A7%91%E6%8A%80%E6%9C%89%E9%99%90%E5%85%AC%E5%8F%B8,,,,,,
192,南京,南京天璇物联网科技有限公司,小型民企,技术支持工程师（IoT/云平台） / 项目实施/交付工程师（物联网）,241.0,46.0,517.61万人民币,2020,存续,https://www.zhipin.com/web/geek/job?query=%E5%8D%97%E4%BA%AC%E5%A4%A9%E7%92%87%E7%89%A9%E8%81%94%E7%BD%91%E7%A7%91%E6%8A%80%E6%9C%89%E9%99%90%E5%85%AC%E5%8F%B8,https://sou.zhaopin.com/?kw=%E5%8D%97%E4%BA%AC%E5%A4%A9%E7%92%87%E7%89%A9%E8%81%94%E7%BD%91%E7%A7%91%E6%8A%80%E6%9C%89%E9%99%90%E5%85%AC%E5%8F%B8,,,,,,
193,南京,南京比迪物联网科技有限公司,小型民企,技术支持工程师（IoT/云平台） / 项目实施/交付工程师（物联网）,241.0,46.0,500万人民币,2020,存续,https://www.zhipin.com/web/geek/job?query=%E5%8D%97%E4%BA%AC%E6%AF%94%E8%BF%AA%E7%89%A9%E8%81%94%E7%BD%91%E7%A7%91%E6%8A%80%E6%9C%89%E9%99%90%E5%85%AC%E5%8F%B8,https://sou.zhaopin.com/?kw=%E5%8D%97%E4%BA%AC%E6%AF%94%E8%BF%AA%E7%89%A9%E8%81%94%E7%BD%91%E7%A7%91%E6%8A%80%E6%9C%89%E9%99%90%E5%85%AC%E5%8F%B8,,,,,,
194,南京,南京复翼软件开发有限公司,小型民企,技术支持工程师（IoT/云平台） / 项目实施/交付工程师（物联网）,240.0,41.0,100万人民币,2017,存续,https://www.zhipin.com/web/geek/job?query=%E5%8D%97%E4%BA%AC%E5%A4%8D%E7%BF%BC%E8%BD%AF%E4%BB%B6%E5%BC%80%E5%8F%91%E6%9C%89%E9%99%90%E5%85%AC%E5%8F%B8,https://sou.zhaopin.com/?kw=%E5%8D%97%E4%BA%AC%E5%A4%8D%E7%BF%BC%E8%BD%AF%E4%BB%B6%E5%BC%80%E5%8F%91%E6%9C%89%E9%99%90%E5%85%AC%E5%8F%B8,,,,,,
195,南京,南京海云天软件开发有限公司,小型民企,技术支持工程师（IoT/云平台） / 项目实施/交付工程师（物联网）,240.0,41.0,100万人民币,2015,存续,https://www.zhipin.com/web/geek/job?query=%E5%8D%97%E4%BA%AC%E6%B5%B7%E4%BA%91%E5%A4%A9%E8%BD%AF%E4%BB%B6%E5%BC%80%E5%8F%91%E6%9C%89%E9%99%90%E5%85%AC%E5%8F%B8,https://sou.zhaopin.com/?kw=%E5%8D%97%E4%BA%AC%E6%B5%B7%E4%BA%91%E5%A4%A9%E8%BD%AF%E4%BB%B6%E5%BC%80%E5%8F%91%E6%9C%89%E9%99%90%E5%85%AC%E5%8F%B8,,,,,,
196,南京,南京拓高软件开发有限公司,小型民企,技术支持工程师（IoT/云平台） / 项目实施/交付工程师（物联网）,240.0,41.0,100万人民币,2011,存续,https://www.zhipin.com/web/geek/job?query=%E5%8D%97%E4%BA%AC%E6%8B%93%E9%AB%98%E8%BD%AF%E4%BB%B6%E5%BC%80%E5%8F%91%E6%9C%89%E9%99%90%E5%85%AC%E5%8F%B8,https://sou.zhaopin.com/?kw=%E5%8D%97%E4%BA%AC%E6%8B%93%E9%AB%98%E8%BD%AF%E4%BB%B6%E5%BC%80%E5%8F%91%E6%9C%89%E9%99%90%E5%85%AC%E5%8F%B8,,,,,,
197,南京,南京仓三十九系统集成工程有限公司,小型民企,技术支持工程师（IoT/云平台） / 项目实施/交付工程师（物联网）,239.0,46.0,500万人民币,2018,存续,https://www.zhipin.com/web/geek/job?query=%E5%8D%97%E4%BA%AC%E4%BB%93%E4%B8%89%E5%8D%81%E4%B9%9D%E7%B3%BB%E7%BB%9F%E9%9B%86%E6%88%90%E5%B7%A5%E7%A8%8B%E6%9C%89%E9%99%90%E5%85%AC%E5%8F%B8,https://sou.zhaopin.com/?kw=%E5%8D%97%E4%BA%AC%E4%BB%93%E4%B8%89%E5%8D%81%E4%B9%9D%E7%B3%BB%E7%BB%9F%E9%9B%86%E6%88%90%E5%B7%A5%E7%A8%8B%E6%9C%89%E9%99%90%E5%85%AC%E5%8F%B8,,,,,,
198,南京,南京普杰物联网技术有限公司,中型民企,技术支持工程师（IoT/云平台） / 项目实施/交付工程师（物联网）,239.0,43.0,1000万人民币,2008,在业,https://www.zhipin.com/web/geek/job?query=%E5%8D%97%E4%BA%AC%E6%99%AE%E6%9D%B0%E7%89%A9%E8%81%94%E7%BD%91%E6%8A%80%E6%9C%AF%E6%9C%89%E9%99%90%E5%85%AC%E5%8F%B8,https://sou.zhaopin.com/?kw=%E5%8D%97%E4%BA%AC%E6%99%AE%E6%9D%B0%E7%89%A9%E8%81%94%E7%BD%91%E6%8A%80%E6%9C%AF%E6%9C%89%E9%99%90%E5%85%AC%E5%8F%B8,,,,,,
199,南通,南通利锋人工智能科技有限公司,小型民企,技术支持工程师（IoT/云平台） / 项目实施/交付工程师（物联网）,242.0,49.0,200万人民币,2022,存续,https://www.zhipin.com/web/geek/job?query=%E5%8D%97%E9%80%9A%E5%88%A9%E9%94%8B%E4%BA%BA%E5%B7%A5%E6%99%BA%E8%83%BD%E7%A7%91%E6%8A%80%E6%9C%89%E9%99%90%E5%85%AC%E5%8F%B8,https://sou.zhaopin.com/?kw=%E5%8D%97%E9%80%9A%E5%88%A9%E9%94%8B%E4%BA%BA%E5%B7%A5%E6%99%BA%E8%83%BD%E7%A7%91%E6%8A%80%E6%9C%89%E9%99%90%E5%85%AC%E5%8F%B8,,,,,,
200,南通,南通云翼人工智能科技有限公司,微型/初创,技术支持工程师（IoT/云平台） / 项目实施/交付工程师（物联网）,239.0,49.0,50万人民币,2020,存续,https://www.zhipin.com/web/geek/job?query=%E5%8D%97%E9%80%9A%E4%BA%91%E7%BF%BC%E4%BA%BA%E5%B7%A5%E6%99%BA%E8%83%BD%E7%A7%91%E6%8A%80%E6%9C%89%E9%99%90%E5%85%AC%E5%8F%B8,https://sou.zhaopin.com/?kw=%E5%8D%97%E9%80%9A%E4%BA%91%E7%BF%BC%E4%BA%BA%E5%B7%A5%E6%99%BA%E8%83%BD%E7%A7%91%E6%8A%80%E6%9C%89%E9%99%90%E5%85%AC%E5%8F%B8,,,,,,
201,徐州,徐州星宸智能信息科技有限公司,中型民企,技术支持工程师（IoT/云平台） / 项目实施/交付工程师（物联网）,243.0,47.0,1000万人民币,2026,存续,https://www.zhipin.com/web/geek/job?query=%E5%BE%90%E5%B7%9E%E6%98%9F%E5%AE%B8%E6%99%BA%E8%83%BD%E4%BF%A1%E6%81%AF%E7%A7%91%E6%8A%80%E6%9C%89%E9%99%90%E5%85%AC%E5%8F%B8,https://sou.zhaopin.com/?kw=%E5%BE%90%E5%B7%9E%E6%98%9F%E5%AE%B8%E6%99%BA%E8%83%BD%E4%BF%A1%E6%81%AF%E7%A7%91%E6%8A%80%E6%9C%89%E9%99%90%E5%85%AC%E5%8F%B8,,,,,,
202,江苏（城市待核实）,江苏采木工业互联网科技有限公司,中型民企,技术支持工程师（IoT/云平台） / 项目实施/交付工程师（物联网）,262.0,43.0,2000万人民币,2019,存续,https://www.zhipin.com/web/geek/job?query=%E6%B1%9F%E8%8B%8F%E9%87%87%E6%9C%A8%E5%B7%A5%E4%B8%9A%E4%BA%92%E8%81%94%E7%BD%91%E7%A7%91%E6%8A%80%E6%9C%89%E9%99%90%E5%85%AC%E5%8F%B8,https://sou.zhaopin.com/?kw=%E6%B1%9F%E8%8B%8F%E9%87%87%E6%9C%A8%E5%B7%A5%E4%B8%9A%E4%BA%92%E8%81%94%E7%BD%91%E7%A7%91%E6%8A%80%E6%9C%89%E9%99%90%E5%85%AC%E5%8F%B8,,,,,,
203,江苏（城市待核实）,江苏虫洞智能科技有限公司,中型民企,技术支持工程师（IoT/云平台） / 项目实施/交付工程师（物联网）,261.0,43.0,1000万人民币,2018,存续,https://www.zhipin.com/web/geek/job?query=%E6%B1%9F%E8%8B%8F%E8%99%AB%E6%B4%9E%E6%99%BA%E8%83%BD%E7%A7%91%E6%8A%80%E6%9C%89%E9%99%90%E5%85%AC%E5%8F%B8,https://sou.zhaopin.com/?kw=%E6%B1%9F%E8%8B%8F%E8%99%AB%E6%B4%9E%E6%99%BA%E8%83%BD%E7%A7%91%E6%8A%80%E6%9C%89%E9%99%90%E5%85%AC%E5%8F%B8,,,,,,
204,江苏（城市待核实）,云圣智能科技股份有限公司,中小集团,技术支持工程师（IoT/云平台） / 项目实施/交付工程师（物联网）,258.0,35.0,2000万人民币,2017,存续,https://www.zhipin.com/web/geek/job?query=%E4%BA%91%E5%9C%A3%E6%99%BA%E8%83%BD%E7%A7%91%E6%8A%80%E8%82%A1%E4%BB%BD%E6%9C%89%E9%99%90%E5%85%AC%E5%8F%B8,https://sou.zhaopin.com/?kw=%E4%BA%91%E5%9C%A3%E6%99%BA%E8%83%BD%E7%A7%91%E6%8A%80%E8%82%A1%E4%BB%BD%E6%9C%89%E9%99%90%E5%85%AC%E5%8F%B8,,,,,,
205,江苏（城市待核实）,江苏太湖云计算信息技术股份有限公司,中小集团,技术支持工程师（IoT/云平台） / 项目实施/交付工程师（物联网）,258.0,35.0,3954万人民币,2009,存续,https://www.zhipin.com/web/geek/job?query=%E6%B1%9F%E8%8B%8F%E5%A4%AA%E6%B9%96%E4%BA%91%E8%AE%A1%E7%AE%97%E4%BF%A1%E6%81%AF%E6%8A%80%E6%9C%AF%E8%82%A1%E4%BB%BD%E6%9C%89%E9%99%90%E5%85%AC%E5%8F%B8,https://sou.zhaopin.com/?kw=%E6%B1%9F%E8%8B%8F%E5%A4%AA%E6%B9%96%E4%BA%91%E8%AE%A1%E7%AE%97%E4%BF%A1%E6%81%AF%E6%8A%80%E6%9C%AF%E8%82%A1%E4%BB%BD%E6%9C%89%E9%99%90%E5%85%AC%E5%8F%B8,,,,,,
206,江苏（城市待核实）,江苏视界关信息科技有限公司,中型民企,技术支持工程师（IoT/云平台） / 项目实施/交付工程师（物联网）,256.0,42.0,1000万人民币,2013,在业,https://www.zhipin.com/web/geek/job?query=%E6%B1%9F%E8%8B%8F%E8%A7%86%E7%95%8C%E5%85%B3%E4%BF%A1%E6%81%AF%E7%A7%91%E6%8A%80%E6%9C%89%E9%99%90%E5%85%AC%E5%8F%B8,https://sou.zhaopin.com/?kw=%E6%B1%9F%E8%8B%8F%E8%A7%86%E7%95%8C%E5%85%B3%E4%BF%A1%E6%81%AF%E7%A7%91%E6%8A%80%E6%9C%89%E9%99%90%E5%85%AC%E5%8F%B8,,,,,,
207,江苏（城市待核实）,江苏新亿迪智能科技有限公司,中型民企,技术支持工程师（IoT/云平台） / 项目实施/交付工程师（物联网）,255.0,41.0,2210万人民币,2000,存续,https://www.zhipin.com/web/geek/job?query=%E6%B1%9F%E8%8B%8F%E6%96%B0%E4%BA%BF%E8%BF%AA%E6%99%BA%E8%83%BD%E7%A7%91%E6%8A%80%E6%9C%89%E9%99%90%E5%85%AC%E5%8F%B8,https://sou.zhaopin.com/?kw=%E6%B1%9F%E8%8B%8F%E6%96%B0%E4%BA%BF%E8%BF%AA%E6%99%BA%E8%83%BD%E7%A7%91%E6%8A%80%E6%9C%89%E9%99%90%E5%85%AC%E5%8F%B8,,,,,,
208,江苏（城市待核实）,江苏优智享智能制造有限公司,中型民企,技术支持工程师（IoT/云平台） / 项目实施/交付工程师（物联网）,251.0,43.0,1000万人民币,2018,存续,https://www.zhipin.com/web/geek/job?query=%E6%B1%9F%E8%8B%8F%E4%BC%98%E6%99%BA%E4%BA%AB%E6%99%BA%E8%83%BD%E5%88%B6%E9%80%A0%E6%9C%89%E9%99%90%E5%85%AC%E5%8F%B8,https://sou.zhaopin.com/?kw=%E6%B1%9F%E8%8B%8F%E4%BC%98%E6%99%BA%E4%BA%AB%E6%99%BA%E8%83%BD%E5%88%B6%E9%80%A0%E6%9C%89%E9%99%90%E5%85%AC%E5%8F%B8,,,,,,
209,江苏（城市待核实）,江苏擎天工业互联网有限公司,中型民企,技术支持工程师（IoT/云平台） / 项目实施/交付工程师（物联网）,244.0,43.0,1137.5万人民币,2018,存续,https://www.zhipin.com/web/geek/job?query=%E6%B1%9F%E8%8B%8F%E6%93%8E%E5%A4%A9%E5%B7%A5%E4%B8%9A%E4%BA%92%E8%81%94%E7%BD%91%E6%9C%89%E9%99%90%E5%85%AC%E5%8F%B8,https://sou.zhaopin.com/?kw=%E6%B1%9F%E8%8B%8F%E6%93%8E%E5%A4%A9%E5%B7%A5%E4%B8%9A%E4%BA%92%E8%81%94%E7%BD%91%E6%9C%89%E9%99%90%E5%85%AC%E5%8F%B8,,,,,,
210,江苏（城市待核实）,江苏怡信天成信息技术服务有限公司,中型民企,技术支持工程师（IoT/云平台） / 项目实施/交付工程师（物联网）,244.0,42.0,1000万人民币,2014,存续,https://www.zhipin.com/web/geek/job?query=%E6%B1%9F%E8%8B%8F%E6%80%A1%E4%BF%A1%E5%A4%A9%E6%88%90%E4%BF%A1%E6%81%AF%E6%8A%80%E6%9C%AF%E6%9C%8D%E5%8A%A1%E6%9C%89%E9%99%90%E5%85%AC%E5%8F%B8,https://sou.zhaopin.com/?kw=%E6%B1%9F%E8%8B%8F%E6%80%A1%E4%BF%A1%E5%A4%A9%E6%88%90%E4%BF%A1%E6%81%AF%E6%8A%80%E6%9C%AF%E6%9C%8D%E5%8A%A1%E6%9C%89%E9%99%90%E5%85%AC%E5%8F%B8,,,,,,
211,江苏（城市待核实）,江苏新思特系统集成有限公司,中型民企,技术支持工程师（IoT/云平台） / 项目实施/交付工程师（物联网）,244.0,40.0,1001万人民币,2013,在业,https://www.zhipin.com/web/geek/job?query=%E6%B1%9F%E8%8B%8F%E6%96%B0%E6%80%9D%E7%89%B9%E7%B3%BB%E7%BB%9F%E9%9B%86%E6%88%90%E6%9C%89%E9%99%90%E5%85%AC%E5%8F%B8,https://sou.zhaopin.com/?kw=%E6%B1%9F%E8%8B%8F%E6%96%B0%E6%80%9D%E7%89%B9%E7%B3%BB%E7%BB%9F%E9%9B%86%E6%88%90%E6%9C%89%E9%99%90%E5%85%AC%E5%8F%B8,,,,,,
212,江苏（城市待核实）,江苏金碧田系统集成有限公司,中型民企,技术支持工程师（IoT/云平台） / 项目实施/交付工程师（物联网）,242.0,40.0,1008万人民币,2014,存续,https://www.zhipin.com/web/geek/job?query=%E6%B1%9F%E8%8B%8F%E9%87%91%E7%A2%A7%E7%94%B0%E7%B3%BB%E7%BB%9F%E9%9B%86%E6%88%90%E6%9C%89%E9%99%90%E5%85%AC%E5%8F%B8,https://sou.zhaopin.com/?kw=%E6%B1%9F%E8%8B%8F%E9%87%91%E7%A2%A7%E7%94%B0%E7%B3%BB%E7%BB%9F%E9%9B%86%E6%88%90%E6%9C%89%E9%99%90%E5%85%AC%E5%8F%B8,,,,,,
213,江苏（城市待核实）,江苏纵网行网络工程有限公司,中型民企,技术支持工程师（IoT/云平台） / 项目实施/交付工程师（物联网）,242.0,40.0,2980万人民币,2010,存续,https://www.zhipin.com/web/geek/job?query=%E6%B1%9F%E8%8B%8F%E7%BA%B5%E7%BD%91%E8%A1%8C%E7%BD%91%E7%BB%9C%E5%B7%A5%E7%A8%8B%E6%9C%89%E9%99%90%E5%85%AC%E5%8F%B8,https://sou.zhaopin.com/?kw=%E6%B1%9F%E8%8B%8F%E7%BA%B5%E7%BD%91%E8%A1%8C%E7%BD%91%E7%BB%9C%E5%B7%A5%E7%A8%8B%E6%9C%89%E9%99%90%E5%85%AC%E5%8F%B8,,,,,,
214,江苏（城市待核实）,江苏电老虎工业互联网股份有限公司,中小集团,技术支持工程师（IoT/云平台） / 项目实施/交付工程师（物联网）,238.0,32.0,2143.3332万人民币,2011,存续,https://www.zhipin.com/web/geek/job?query=%E6%B1%9F%E8%8B%8F%E7%94%B5%E8%80%81%E8%99%8E%E5%B7%A5%E4%B8%9A%E4%BA%92%E8%81%94%E7%BD%91%E8%82%A1%E4%BB%BD%E6%9C%89%E9%99%90%E5%85%AC%E5%8F%B8,https://sou.zhaopin.com/?kw=%E6%B1%9F%E8%8B%8F%E7%94%B5%E8%80%81%E8%99%8E%E5%B7%A5%E4%B8%9A%E4%BA%92%E8%81%94%E7%BD%91%E8%82%A1%E4%BB%BD%E6%9C%89%E9%99%90%E5%85%AC%E5%8F%B8,,,,,,
